Procurement Ref. No.,Lot No.,Procurement Title,Procuring Entity,Procurement Category,Market Approach,Source,Submission Deadline
,,,,,,,
ESS-NCB-G-0081-2017-PUR,Lot:  1,Procurement of Office Supply/2017/,Ethiopian Statistics Service,Goods,National,Federal Government,"Mar 31, 2025, 5:20:00 PM"
MAU-NCB-G-0060-2017-BID,Lot:  1,የተቀነባበረ የጥጃ እና የወተት ላም መኖ ግዥ,Mekidelamba University,Goods,National,Federal Government,"Apr 15, 2025, 9:00:00 AM"
WKU-NCB-NC-0448-2017-PUR,Lot:  1,LOT 446 Purchase Requisition furniture M,Wolkite University,NonConsultancyServices,National,Federal Government,"Apr 1, 2025, 10:00:00 AM"
DU-NCB-G-0155-2017-PUR,Lot:  1,Book of abstracts \,Dilla University,Goods,National,Federal Government,"Apr 1, 2025, 10:00:00 AM"
MoI-NCB-C-0343-2017-PUR,Lot:  1,የኢነርጂ ኦዲት የስልጠና አገልግሎት ግዥ 02/2017,Ministry of Industry,ConsultancyServices,National,Federal Government,"Apr 1, 2025, 12:00:00 AM"
WKU-NCB-G-0447-2017-PUR,Lot:  1,LOT 442 የወልቂጤ ዩኒቨርስቲ ለስምሪትና ጋራዥ ስራ አስፈጻሚ,Wolkite University,Goods,National,Federal Government,"Apr 1, 2025, 10:00:00 AM"
MoI-NCB-NC-0344-2017-PUR,Lot:  1,የሆቴል መስተንግዶ አገልግሎት ግዥ በቢሾፍት ከተማ ከመጋቢት 25,Ministry of Industry,NonConsultancyServices,National,Federal Government,"Apr 1, 2025, 12:00:00 AM"
DDU-NCB-G-0473-2017-PUR,Lot:  1,Lot- 21 CNC Machine purchase (Work Shop,Dire Dawa University,Goods,National,Federal Government,"Apr 1, 2025, 9:00:00 AM"
DU-NCB-G-0154-2017-PUR,Lot:  1,የመድሃኒት ግብአት ግዥ,Dilla University,Goods,National,Federal Government,"Apr 1, 2025, 10:00:00 AM"
AAU-NCB-G-0061-2017-BID,Lot:  1,Lot 53 Procurement of medical Items,Addis Ababa University,Goods,National,Federal Government,"Apr 15, 2025, 5:00:00 PM"
,,,,,,,
ESS-NCB-G-0081-2017-PUR,Lot:  1,Procurement of Office Supply/2017/,Ethiopian Statistics Service,Goods,National,Federal Government,"Mar 31, 2025, 5:20:00 PM"
MAU-NCB-G-0060-2017-BID,Lot:  1,የተቀነባበረ የጥጃ እና የወተት ላም መኖ ግዥ,Mekidelamba University,Goods,National,Federal Government,"Apr 15, 2025, 9:00:00 AM"
WKU-NCB-NC-0448-2017-PUR,Lot:  1,LOT 446 Purchase Requisition furniture M,Wolkite University,NonConsultancyServices,National,Federal Government,"Apr 1, 2025, 10:00:00 AM"
DU-NCB-G-0155-2017-PUR,Lot:  1,Book of abstracts \,Dilla University,Goods,National,Federal Government,"Apr 1, 2025, 10:00:00 AM"
MoI-NCB-C-0343-2017-PUR,Lot:  1,የኢነርጂ ኦዲት የስልጠና አገልግሎት ግዥ 02/2017,Ministry of Industry,ConsultancyServices,National,Federal Government,"Apr 1, 2025, 12:00:00 AM"
WKU-NCB-G-0447-2017-PUR,Lot:  1,LOT 442 የወልቂጤ ዩኒቨርስቲ ለስምሪትና ጋራዥ ስራ አስፈጻሚ,Wolkite University,Goods,National,Federal Government,"Apr 1, 2025, 10:00:00 AM"
MoI-NCB-NC-0344-2017-PUR,Lot:  1,የሆቴል መስተንግዶ አገልግሎት ግዥ በቢሾፍት ከተማ ከመጋቢት 25,Ministry of Industry,NonConsultancyServices,National,Federal Government,"Apr 1, 2025, 12:00:00 AM"
DDU-NCB-G-0473-2017-PUR,Lot:  1,Lot- 21 CNC Machine purchase (Work Shop,Dire Dawa University,Goods,National,Federal Government,"Apr 1, 2025, 9:00:00 AM"
DU-NCB-G-0154-2017-PUR,Lot:  1,የመድሃኒት ግብአት ግዥ,Dilla University,Goods,National,Federal Government,"Apr 1, 2025, 10:00:00 AM"
AAU-NCB-G-0061-2017-BID,Lot:  1,Lot 53 Procurement of medical Items,Addis Ababa University,Goods,National,Federal Government,"Apr 15, 2025, 5:00:00 PM"
,,,,,,,
WKU-NCB-G-0442-2017-PUR,Lot:  1,lot 463 Purchaslot 463 Purchase rquisiti,Wolkite University,Goods,National,Federal Government,"Apr 1, 2025, 8:30:00 AM"
BTI-NCB-G-0141-2017-PUR,Lot:  1,lot-80 Purchase Requisition for የስፖርት ትጥ,Bio and Emerging technology Institute,Goods,National,Federal Government,"Mar 31, 2025, 5:30:00 PM"
WKU-NCB-G-0440-2017-PUR,Lot:  1,LOT 424 ለወልቂጤ ዩኒቨርሲቲ ስፔሻላይዝድ ሆስፒታል አገልግሎ,Wolkite University,Goods,National,Federal Government,"Mar 31, 2025, 5:30:00 PM"
WKU-NCB-G-0449-2017-PUR,Lot:  1,LOT 426ለወልቂጤ ዩኒቨርሲቲ ስፔሻላይዝድ ሆስፒታል አገልግሎት,Wolkite University,Goods,National,Federal Government,"Mar 31, 2025, 5:30:00 PM"
BTI-NCB-G-0141-2017-PUR,Lot:  1,lot-80 Purchase Requisition for የስፖርት ትጥ,Bio and Emerging technology Institute,Goods,National,Federal Government,"Mar 31, 2025, 5:30:00 PM"
AmU-NCB-G-0616-2017-PUR,Lot:  1,Buying Battery for Bus & Trucks,Arbaminch University,Goods,National,Federal Government,"Apr 1, 2025, 9:00:00 AM"
ECC-NCB-NC-0106-2017-BID,Lot:  1,procurement of software and license rene,Ethiopian Customs Commission,NonConsultancyServices,National,Federal Government,"Apr 4, 2025, 2:00:00 PM"
FTVETI-NCB-G-0069-2017-BID,Lot:  1,Procurement of food supplies (3),Federal Technical and Vocational Educati,Goods,National,Federal Government,"Apr 15, 2025, 1:00:00 PM"
FTVETI-NCB-G-0069-2017-BID,Lot:  1,Procurement of food supplies (3),Federal Technical and Vocational Educati,Goods,National,Federal Government,"Apr 15, 2025, 1:00:00 PM"
MoTRI-NCB-G-0079-2017-PUR,Lot:  1,procurement of External Hard Disk/2,Ministry of Trade and Regional Integrati,Goods,National,Federal Government,"Mar 31, 2025, 5:20:00 PM"
EAA-NCB-G-0124-2017-PUR,Lot:  1,Procurement Of Office Direction,Ethiopian Agricultural Authority,Goods,National,Federal Government,"Apr 1, 2025, 9:00:00 AM"
,,,,,,,
EPSA-NCB-G-0295-2017-PUR,Lot:  1,የተለያዩ የመኪና እቃዎች ግዥ 2,Ethiopia Pharmaceutical Supplies Service,Goods,National,Federal Government,"Mar 31, 2025, 5:30:00 PM"
ARU-NCB-G-0353-2017-PUR,Lot:  1,Procurement Of spare part(Nissan patrol,Arsi University,Goods,National,Federal Government,"Apr 1, 2025, 8:30:00 AM"
IFA-NCB-NC-0098-2017-PUR,Lot:  1,4 star hotel service @Jimma city,Institute of Foreign Affairs,NonConsultancyServices,National,Federal Government,"Apr 1, 2025, 12:00:00 AM"
MOD-NCB-G-0696-2017-PUR,Lot:  1,procurement of medicale material & medi,Ministry of Defense,Goods,National,Federal Government,"Apr 1, 2025, 9:00:00 AM"
AmU-NCB-G-0059-2017-BID,Lot:  1,LOT - 25 - Procurement  of  2017 Budget,Arbaminch University,Goods,National,Federal Government,"Apr 14, 2025, 10:00:00 AM"
WKU-NCB-G-0443-2017-PUR,Lot:  1,ሎት 464 Purchase Requisition of car decor,Wolkite University,Goods,National,Federal Government,"Apr 1, 2025, 8:30:00 AM"
AmU-NCB-G-0615-2017-PUR,Lot:  1,ካኪ ፖስታ A3/ለአምቲኢ/,Arbaminch University,Goods,National,Federal Government,"Apr 1, 2025, 4:00:00 PM"
WKU-NCB-G-0435-2017-PUR,Lot:  1,lot 458 Purchase requisition of ለወልቂጤ ዩኒ,Wolkite University,Goods,National,Federal Government,"Apr 1, 2025, 8:30:00 AM"
AmU-NCB-G-0062-2017-BID,Lot:  1,LOT - 26 - Procurement of  2017 Budget Y,Arbaminch University,Goods,National,Federal Government,"Apr 19, 2025, 10:00:00 AM"
AmU-NCB-G-0618-2017-PUR,Lot:  1,1ኛ ደረጃ ሪፍሬሽመንት (Refreshment) 1,Arbaminch University,Goods,National,Federal Government,"Apr 1, 2025, 10:00:00 AM"
,,,,,,,
MOD-NCB-G-0695-2017-PUR,Lot:  1,የቧንቧ ዕቃዎች ግዥ (defence command and staff,Ministry of Defense,Goods,National,Federal Government,"Apr 1, 2025, 4:00:00 PM"
WKU-NCB-G-0439-2017-PUR,Lot:  1,ሎት 453 የወልቂጤ ዩኒቨርሲቲ ለግንባታ ፕሮጀክት ጽ/ት አገልግ,Wolkite University,Goods,National,Federal Government,"Apr 1, 2025, 10:00:00 AM"
ASU-NCB-G-0108-2017-PUR,Lot:  1,ለምርምር አገልግሎት የሚዉል እቃዎች አቅርቦት ግዥ,Assosa University,Goods,National,Federal Government,"Apr 1, 2025, 3:30:00 PM"
UoG-NCB-G-0212-2017-PUR,Lot:  1,Procurement Of Printing Product /ቢን ካርድ፣,University of Gondar,Goods,National,Federal Government,"Apr 1, 2025, 10:00:00 AM"
MoLS-NCB-G-0029-2017-BID,Lot:  1,Procurement of Vehicle Tyre-2-,Ministry of Labor and Skills,Goods,National,Federal Government,"Apr 15, 2025, 10:00:00 AM"
ASTU-NCB-G-0589-2017-PUR,Lot:  1,Purchase of hydraulic machine and relat,Adama Science and Technology University,Goods,National,Federal Government,"Apr 1, 2025, 5:00:00 PM"
ECTA-NCB-NC-0139-2017-PUR,Lot:  1,procurement of Coaster bus rent,Ethiopian Coffee and Tea Authority,NonConsultancyServices,National,Federal Government,"Apr 2, 2025, 12:00:00 AM"
MoWSA-NCB-G-0054-2017-PUR,Lot:  1,የሞተረኛ እቃዎች,Ministry of Women and Social Affairs,Goods,National,Federal Government,"Apr 1, 2025, 3:00:00 AM"
ARU-NCB-G-0034-2017-BID,Lot:  1,procurement of  laboratory Tender,Arsi University,Goods,National,Federal Government,"Apr 14, 2025, 10:00:00 AM"
EFP-NCB-G-0526-2017-PUR,Lot:  1,FPHS Purchasing of Jel ultrasound,Ethiopian Federal Police,Goods,National,Federal Government,"Apr 1, 2025, 10:00:00 AM"
,,,,,,,
WKU-NCB-G-0444-2017-PUR,Lot:  1,lot 435 Purchase Requisition of ለምርምር እና,Wolkite University,Goods,National,Federal Government,"Apr 1, 2025, 9:00:00 AM"
AmU-NCB-G-0610-2017-PUR,Lot:  1,Spare Parts for Cod- 4 - 22921 E.T,Arbaminch University,Goods,National,Federal Government,"Apr 1, 2025, 9:00:00 AM"
WKU-NCB-G-0412-2017-PUR,Lot:  1,lot 444 Purchase Requisition of የወልቂጤ ዩኒ,Wolkite University,Goods,National,Federal Government,"Apr 1, 2025, 8:30:00 AM"
UoG-NCB-G-0214-2017-PUR,Lot:  1,Procurement of Stationary Material (Exam,University of Gondar,Goods,National,Federal Government,"Apr 1, 2025, 10:00:00 AM"
ASTU-NCB-G-0600-2017-PUR,Lot:  1,የታርጋ ቁጥር 4-12211 ET Model -H25105L-GCMNS,Adama Science and Technology University,Goods,National,Federal Government,"Apr 1, 2025, 10:00:00 AM"
EAES-NCB-G-0065-2017-PUR,Lot:  1,Various types of custom clothing proform,Educational Assessment and Examinations,Goods,National,Federal Government,"Mar 31, 2025, 5:30:00 PM"
MoR-NCB-G-0186-2017-BID,Lot:  1,Procurement Of Cafteria Table &Chair (የሰ,Ministry of Revenue,Goods,National,Federal Government,"Apr 15, 2025, 1:00:00 PM"
MOD-NCB-G-0693-2017-PUR,Lot:  1,የኤሌክተሪክ ዕቃዎች ግዥ (defence command and sta,Ministry of Defense,Goods,National,Federal Government,"Apr 3, 2025, 2:00:00 PM"
AASTU-NCB-G-0013-2017-BID,Lot:  1,የማገዶ እንጨት,Addis Ababa Science and Technology Unive,Goods,National,Federal Government,"Apr 10, 2025, 3:00:00 PM"
EHA-NCB-W-0040-2017-BID,Lot:  1,Conservation and Restoration work of Wuk,Ethiopian Heritage Authority,Works,National,Federal Government,"Apr 4, 2025, 3:00:00 PM"
,,,,,,,
EKGH-NCB-NC-0041-2017-BID,Lot:  1,generator maintenance service and goods,Eka Kotebe General Hospital,NonConsultancyServices,National,Federal Government,"Apr 3, 2025, 2:00:00 PM"
MoR-NCB-G-0645-2017-PUR,Lot:  1,MOR EAST ( photo copy machine maintenanc,Ministry of Revenue,Goods,National,Federal Government,"May 31, 2025, 1:00:00 PM"
EAES-NCB-NC-0038-2017-BID,Lot:  1,Procurement of hotel service ADIS ABEBA,Educational Assessment and Examinations,NonConsultancyServices,National,Federal Government,"Apr 8, 2025, 10:00:00 AM"
EAES-NCB-NC-0039-2017-BID,Lot:  1,Procurement of hotel service ADIS ABEBA,Educational Assessment and Examinations,NonConsultancyServices,National,Federal Government,"Apr 8, 2025, 10:00:00 AM"
ASTU-NCB-G-0575-2017-PUR,Lot:  1,PURCHASE OF MECHANICAL /STRUCTURAL MATER,Adama Science and Technology University,Goods,National,Federal Government,"Apr 1, 2025, 10:00:00 AM"
EAES-NCB-NC-0040-2017-BID,Lot:  1,5-star hotel Addis Ababa tenderprocure,Educational Assessment and Examinations,NonConsultancyServices,National,Federal Government,"Apr 8, 2025, 10:00:00 AM"
ASTU-NCB-G-0571-2017-PUR,Lot:  1,purchase of sensors /Electronics,Adama Science and Technology University,Goods,National,Federal Government,"Apr 1, 2025, 11:00:00 AM"
MoWSA-NCB-G-0052-2017-PUR,Lot:  1,የመኪና እቃ መለዋወጫ እቃዎች t1,Ministry of Women and Social Affairs,Goods,National,Federal Government,"Apr 1, 2025, 12:00:00 AM"
PPS-ICB-G-0044-2017-BID,Lot:  1,Lot- 2 Procurement of Printer and Photoc,Federal Public Procurement Service,Goods,International,Federal Government,"Apr 26, 2025, 2:00:00 PM"
PPS-ICB-G-0046-2017-BID,Lot:  1,5.	Lot- 5 Procurement of Uniform Cloths,Federal Public Procurement Service,Goods,International,Federal Government,"Apr 27, 2025, 3:00:00 PM"
,,,,,,,
PPS-ICB-G-0043-2017-BID,Lot:  1,Lot- 3 Procurement of Stationery Items f,Federal Public Procurement Service,Goods,International,Federal Government,"May 9, 2025, 10:00:00 AM"
PPS-ICB-G-0045-2017-BID,Lot:  1,Lot- 4 Procurement of Sanitary Items for,Federal Public Procurement Service,Goods,International,Federal Government,"May 9, 2025, 2:00:00 PM"
SPHMMC-NCB-G-0796-2017-PUR,Lot:  1,Adhesive Plaster 7.5cm x 5m,St. Paul's Hospital Millennium Medical,Goods,National,Federal Government,"Apr 1, 2025, 9:00:00 AM"
AHI-NCB-G-0087-2017-PUR,Lot:  1,lot 88 construction items,Animal Health Institute,Goods,National,Federal Government,"Apr 2, 2025, 12:00:00 AM"
AHI-NCB-W-0084-2017-PUR,Lot:  1,ተሸከርካሪውን ኢንስቲዩቱ ድረስ በመገኘት መመልከት ይቻላል፡፡ አ,Animal Health Institute,Works,National,Federal Government,"Apr 2, 2025, 10:00:00 PM"
PPS-ICB-G-0039-2017-BID,Lot:  1,Lot-1: Procurement of Information Techno,Federal Public Procurement Service,Goods,International,Federal Government,"Apr 24, 2025, 10:00:00 AM"
WU-NCB-G-0061-2017-PUR,Lot:  1,ለማዝዳ BT-50  CH-No MM7UR4DB4NW130334 የመኪና,Wollo University,Goods,National,Federal Government,"Apr 1, 2025, 9:00:00 AM"
PPS-ICB-G-0042-2017-BID,Lot:  1,Lot-3: Procurement of Stationery Items f,Federal Public Procurement Service,Goods,International,Federal Government,"May 7, 2025, 10:00:00 AM"
PPS-ICB-G-0041-2017-BID,Lot:  1,Lot-4: Procurement of Sanitary Items for,Federal Public Procurement Service,Goods,International,Federal Government,"May 7, 2025, 2:00:00 PM"
PPS-ICB-G-0040-2017-BID,Lot:  1,Lot-2: Procurement of Printer and Photoc,Federal Public Procurement Service,Goods,International,Federal Government,"May 6, 2025, 2:00:00 PM"
,,,,,,,
MOD-NCB-G-0690-2017-PUR,Lot:  1,የደረት ማይክራፎን፣የጠረጴዛ ማይክራፎን እና HDMI የግዥ(def,Ministry of Defense,Goods,National,Federal Government,"Apr 1, 2025, 11:00:00 AM"
AMSH-NCB-G-0072-2017-BID,Lot:  1,procurement of medicines 001,Amanuel Mental Specialized Hospital,Goods,National,Federal Government,"Apr 1, 2025, 9:00:00 AM"
BDU-NCB-G-0127-2017-PUR,Lot:  1,ባዮ ሀዛርድ ባግ,Bahir Dar University,Goods,National,Federal Government,"Apr 1, 2025, 2:00:00 AM"
BDU-NCB-G-0067-2017-BID,Lot:  1,የህጻናት ማቆያ እቃዎች ግዥ,Bahir Dar University,Goods,National,Federal Government,"Apr 15, 2025, 5:00:00 PM"
WKU-NCB-G-0413-2017-PUR,Lot:  1,LOT 446 Purchase Requisition of ለስምሪትና ጋ,Wolkite University,Goods,National,Federal Government,"Apr 1, 2025, 9:00:00 AM"
SPSH-NCB-G-0286-2017-PUR,Lot:  1,PROCUREMENT OF SPAR,St. Peter Specialized Hospital,Goods,National,Federal Government,"Apr 1, 2025, 8:30:00 AM"
FSCoE-NCB-G-0183-2017-PUR,Lot:  1,procurement of Day care material two,Federal Supreme Court,Goods,National,Federal Government,"Apr 1, 2025, 9:00:00 AM"
UoG-NCB-G-0198-2017-PUR,Lot:  1,Requisition of Digital lectern /አትሮኖስ/Di,University of Gondar,Goods,National,Federal Government,"Jan 3, 2026, 10:00:00 AM"
AmU-NCB-G-0612-2017-PUR,Lot:  1,የብሬል መጽሐፍያ (slate Stylus),Arbaminch University,Goods,National,Federal Government,"Apr 1, 2025, 10:00:00 AM"
MoI-NCB-C-0027-2017-BID,Lot:  1,procurement of Investment Promotions Str,Ministry of Industry,ConsultancyServices,National,Federal Government,"Apr 10, 2025, 10:00:00 AM"
,,,,,,,
MOD-NCB-G-0690-2017-PUR,Lot:  1,የደረት ማይክራፎን፣የጠረጴዛ ማይክራፎን እና HDMI የግዥ(def,Ministry of Defense,Goods,National,Federal Government,"Apr 1, 2025, 11:00:00 AM"
AMSH-NCB-G-0072-2017-BID,Lot:  1,procurement of medicines 001,Amanuel Mental Specialized Hospital,Goods,National,Federal Government,"Apr 1, 2025, 9:00:00 AM"
BDU-NCB-G-0127-2017-PUR,Lot:  1,ባዮ ሀዛርድ ባግ,Bahir Dar University,Goods,National,Federal Government,"Apr 1, 2025, 2:00:00 AM"
BDU-NCB-G-0067-2017-BID,Lot:  1,የህጻናት ማቆያ እቃዎች ግዥ,Bahir Dar University,Goods,National,Federal Government,"Apr 15, 2025, 5:00:00 PM"
WKU-NCB-G-0413-2017-PUR,Lot:  1,LOT 446 Purchase Requisition of ለስምሪትና ጋ,Wolkite University,Goods,National,Federal Government,"Apr 1, 2025, 9:00:00 AM"
SPSH-NCB-G-0286-2017-PUR,Lot:  1,PROCUREMENT OF SPAR,St. Peter Specialized Hospital,Goods,National,Federal Government,"Apr 1, 2025, 8:30:00 AM"
FSCoE-NCB-G-0183-2017-PUR,Lot:  1,procurement of Day care material two,Federal Supreme Court,Goods,National,Federal Government,"Apr 1, 2025, 9:00:00 AM"
UoG-NCB-G-0198-2017-PUR,Lot:  1,Requisition of Digital lectern /አትሮኖስ/Di,University of Gondar,Goods,National,Federal Government,"Jan 3, 2026, 10:00:00 AM"
AmU-NCB-G-0612-2017-PUR,Lot:  1,የብሬል መጽሐፍያ (slate Stylus),Arbaminch University,Goods,National,Federal Government,"Apr 1, 2025, 10:00:00 AM"
MoI-NCB-C-0027-2017-BID,Lot:  1,procurement of Investment Promotions Str,Ministry of Industry,ConsultancyServices,National,Federal Government,"Apr 10, 2025, 10:00:00 AM"
,,,,,,,
SPHMMC-ICB-G-0090-2017-BID,Lot:  1,"Medical Gas System Design, Supply and In",St. Paul's Hospital Millennium Medical,Goods,International,Federal Government,"May 3, 2025, 5:00:00 PM"
MOD-NCB-G-0588-2017-BID,Lot:  1,PROCURMENT OF CONSTRUCTION MATERIAL OF C,Ministry of Defense,Goods,National,Federal Government,"Apr 13, 2025, 5:00:00 PM"
SPHMMC-NCB-G-0793-2017-PUR,Lot:  1,Metal ;- RHS & EGA,St. Paul's Hospital Millennium Medical,Goods,National,Federal Government,"Apr 2, 2025, 12:00:00 AM"
GRDCPO-NCB-G-0082-2017-PUR,Lot:  1,PROCUREMENT OF የአበባ ማስቀመጫ ፋይበር ፖት/// የአበ,Grand Renaissance Dam Coordination Proje,Goods,National,Federal Government,"Mar 3, 2029, 5:30:00 PM"
MoTL-NCB-C-0021-2017-BID,Lot:  1,Consultancy Service for Feasibility Stu,Ministry of Transport and Logistics,ConsultancyServices,National,Federal Government,"Apr 6, 2025, 10:00:00 AM"
SPHMMC-NCB-G-0791-2017-PUR,Lot:  1,oxygen cylinder trolly,St. Paul's Hospital Millennium Medical,Goods,National,Federal Government,"Mar 31, 2025, 5:30:00 PM"
HUU-ICB-W-0058-2017-BID,Lot:  1,Procurement of Waste water Treatment Pla,Hawassa University,Works,International,Federal Government,"Apr 16, 2025, 4:00:00 PM"
KUE-NCB-G-0036-2017-BID,Lot:  1,Procurement of Interactive Display (boar,Kotebe University of Education,Goods,National,Federal Government,"Apr 11, 2025, 2:00:00 PM"
ECC-NCB-NC-0113-2016-BID,Lot:  1,የተሸከርካሪ ጥገና አገልግሎት ግዥ,Ethiopian Customs Commission,NonConsultancyServices,National,Federal Government,"Apr 5, 2025, 2:00:00 PM"
HoPR-NCB-G-0064-2017-BID,Lot:  1,Procurement Of Shed for Car Parking/car,Houses of Peoples Representative,Goods,National,Federal Government,"Apr 16, 2025, 1:00:00 PM"
,,,,,,,
PPS-ICB-G-0048-2017-BID,Lot:  1,Procurement of Laptop computers core i5,Federal Public Procurement Service,Goods,International,Federal Government,"May 2, 2025, 1:00:00 PM"
DDU-NCB-G-0078-2017-BID,Lot:  1,Lot 60 procurement of Electronics,Dire Dawa University,Goods,National,Federal Government,"Apr 13, 2025, 1:00:00 PM"
PSI-NCB-NC-0025-2017-BID,Lot:  1,Procurement of VCR (Board) Room Licenses,Policy Study Institute,NonConsultancyServices,National,Federal Government,"Apr 12, 2025, 1:00:00 PM"
MAU-NCB-NC-0057-2017-BID,Lot:  1,ዳብል ካፕ መኪና ኪራይ አገልግሎት ግዥ,Mekidelamba University,NonConsultancyServices,National,Federal Government,"Apr 4, 2025, 10:00:00 AM"
PSI-NCB-NC-0019-2017-BID,Lot:  1,Procurement of Milk Rent Service For One,Policy Study Institute,NonConsultancyServices,National,Federal Government,"Apr 30, 2025, 10:00:00 AM"
PSI-NCB-NC-0022-2017-BID,Lot:  1,Procurement of Audit Service For Three Y,Policy Study Institute,NonConsultancyServices,National,Federal Government,"Apr 1, 2025, 10:00:00 AM"
EPSA-NCB-C-0089-2017-BID,Lot:  1,Interior Design and Consulting Services,Ethiopia Pharmaceutical Supplies Service,ConsultancyServices,National,Federal Government,"Apr 17, 2025, 1:00:00 PM"
ECTA-NCB-G-0037-2017-BID,Lot:  1,ደረጃውን የጠበቀ መጋረጃ,Ethiopian Coffee and Tea Authority,Goods,National,Federal Government,"Apr 12, 2025, 12:00:00 PM"
EMI-NCB-G-0020-2017-BID,Lot:  1,Lot-1 Procurment of Uniform Cloth,Ethiopian meteorology institute,Goods,National,Federal Government,"Apr 2, 2025, 10:00:00 AM"
ECAA-NCB-G-0048-2017-BID,Lot:  1,Procurement of Silent Diesel Generator,Ethiopian Civil Aviation Authority,Goods,National,Federal Government,"Apr 14, 2025, 10:00:00 AM"
,,,,,,,
PPS-ICB-G-0048-2017-BID,Lot:  1,Procurement of Laptop computers core i5,Federal Public Procurement Service,Goods,International,Federal Government,"May 2, 2025, 1:00:00 PM"
DDU-NCB-G-0078-2017-BID,Lot:  1,Lot 60 procurement of Electronics,Dire Dawa University,Goods,National,Federal Government,"Apr 13, 2025, 1:00:00 PM"
PSI-NCB-NC-0025-2017-BID,Lot:  1,Procurement of VCR (Board) Room Licenses,Policy Study Institute,NonConsultancyServices,National,Federal Government,"Apr 12, 2025, 1:00:00 PM"
MAU-NCB-NC-0057-2017-BID,Lot:  1,ዳብል ካፕ መኪና ኪራይ አገልግሎት ግዥ,Mekidelamba University,NonConsultancyServices,National,Federal Government,"Apr 4, 2025, 10:00:00 AM"
PSI-NCB-NC-0019-2017-BID,Lot:  1,Procurement of Milk Rent Service For One,Policy Study Institute,NonConsultancyServices,National,Federal Government,"Apr 30, 2025, 10:00:00 AM"
PSI-NCB-NC-0022-2017-BID,Lot:  1,Procurement of Audit Service For Three Y,Policy Study Institute,NonConsultancyServices,National,Federal Government,"Apr 1, 2025, 10:00:00 AM"
EPSA-NCB-C-0089-2017-BID,Lot:  1,Interior Design and Consulting Services,Ethiopia Pharmaceutical Supplies Service,ConsultancyServices,National,Federal Government,"Apr 17, 2025, 1:00:00 PM"
ECTA-NCB-G-0037-2017-BID,Lot:  1,ደረጃውን የጠበቀ መጋረጃ,Ethiopian Coffee and Tea Authority,Goods,National,Federal Government,"Apr 12, 2025, 12:00:00 PM"
EMI-NCB-G-0020-2017-BID,Lot:  1,Lot-1 Procurment of Uniform Cloth,Ethiopian meteorology institute,Goods,National,Federal Government,"Apr 2, 2025, 10:00:00 AM"
ECAA-NCB-G-0048-2017-BID,Lot:  1,Procurement of Silent Diesel Generator,Ethiopian Civil Aviation Authority,Goods,National,Federal Government,"Apr 14, 2025, 10:00:00 AM"
,,,,,,,
FPC-NCB-G-0066-2017-BID,Lot:  1,Procurement of IT and electronics equipm,Federal Prisoners Commission,Goods,National,Federal Government,"Apr 12, 2025, 5:00:00 PM"
WKU-NCB-G-0104-2017-BID,Lot:  1,LOT -400  Procurement of Car tier (የመኪና,Wolkite University,Goods,National,Federal Government,"Apr 12, 2025, 10:00:00 AM"
AHI-NCB-G-0009-2017-BID,Lot:  1,LOT 0001 PROCUREMENT OF PASTERIZED MILK,Animal Health Institute,Goods,National,Federal Government,"Apr 3, 2025, 10:00:00 AM"
AAU-NCB-G-0056-2017-BID,Lot:  1,lot-3  Procurement of  stationery items,Addis Ababa University,Goods,National,Federal Government,"Apr 12, 2025, 10:00:00 AM"
EWCA-NCB-NC-0020-2017-BID,Lot:  1,Lot :29 ባህላዊ ሬስቶራንት አገልግሎት አዲስ አበባ ከተማ,Ethiopian Wildlife Conservation Authorit,NonConsultancyServices,National,Federal Government,"Apr 4, 2025, 2:00:00 PM"
AMSH-NCB-G-0068-2017-BID,Lot:  1,የ ጉልበት ስራ አገልግሎት ግዢ  ›››,Amanuel Mental Specialized Hospital,Goods,National,Federal Government,"Apr 2, 2025, 10:00:00 AM"
GU-NCB-W-0079-2017-BID,Lot:  1,L0T 107 SUPPLY OF MINING AND ELECTRICAL,Gambella University,Works,National,Federal Government,"Mar 28, 2026, 10:00:00 AM"
LDI-NCB-NC-0094-2017-BID,Lot:  1,የኮድ 4-13249 ኮስትር ባስ ጠቅላላ የሞተር እድሳት የጥገና,Livestock Development Institute,NonConsultancyServices,National,Federal Government,"Apr 12, 2025, 5:00:00 PM"
MWU-NCB-G-0147-2017-PUR,Lot:  1,የመደወላቡ ዩኒቨርሲቲ ጎባ ሆስፒታል ለ APTS (የመድሀኒቶች የ,Madda Walabu University,Goods,National,Federal Government,"Apr 1, 2025, 10:00:00 AM"
EFDA-NCB-W-0016-2017-BID,Lot:  1,Procurement of Renovation work for EFDA,Ethiopian Food and Drug Authority,Works,National,Federal Government,"Apr 17, 2025, 10:00:00 AM"
,,,,,,,
EPHI-NCB-W-0067-2017-BID,Lot:  1,Supply and renovation work of the Labora,Ethiopian Public Health Institute,Works,National,Federal Government,"Apr 17, 2025, 5:00:00 PM"
AAU-NCB-G-0057-2017-BID,Lot:  1,lot 4 procurement of maintenance materi,Addis Ababa University,Goods,National,Federal Government,"Apr 11, 2025, 1:00:00 PM"
EIPA-NCB-C-0020-2017-BID,Lot:  1,Law Consultancy Service (ለዳሰሳ ጥናትና የአዋጅ,Ethiopian Intellectual Property Authorit,ConsultancyServices,National,Federal Government,"Apr 11, 2025, 1:00:00 PM"
SLU-NCB-G-0037-2017-BID,Lot:  1,"Dairy Science and technology, Animal Nut",Salale University,Goods,National,Federal Government,"Apr 15, 2025, 9:00:00 AM"
SLU-NCB-G-0038-2017-BID,Lot:  1,purchase of equipment for    sport gym c,Salale University,Goods,National,Federal Government,"Apr 3, 2025, 4:00:00 PM"
AMSH-NCB-G-0075-2017-BID,Lot:  1,Procurement Of Medicine >>>,Amanuel Mental Specialized Hospital,Goods,National,Federal Government,"Apr 17, 2025, 1:00:00 PM"
FPC-NCB-G-0069-2017-BID,Lot:  1,Purchase  of sanitary items**,Federal Prisoners Commission,Goods,National,Federal Government,"Apr 11, 2025, 5:00:00 PM"
DMU-NCB-W-0006-2017-BID,Lot:  1,LOT 31:-PROCURMENT OF EXISTING BUILDING,Debremarkos University,Works,National,Federal Government,"Apr 4, 2025, 10:00:00 AM"
MOD-NCB-G-0675-2017-PUR,Lot:  1,የጋራዥና የግምጃ ቤት ጋወን የግዥ ፍላጎት,Ministry of Defense,Goods,National,Federal Government,"Apr 3, 2025, 10:00:00 AM"
HoPR-NCB-NC-0056-2017-BID,Lot:  1,Procurement of Enhancing Parliament Web,Houses of Peoples Representative,NonConsultancyServices,National,Federal Government,"Apr 4, 2025, 10:00:00 AM"
,,,,,,,
EPHI-NCB-W-0067-2017-BID,Lot:  1,Supply and renovation work of the Labora,Ethiopian Public Health Institute,Works,National,Federal Government,"Apr 17, 2025, 5:00:00 PM"
AAU-NCB-G-0057-2017-BID,Lot:  1,lot 4 procurement of maintenance materi,Addis Ababa University,Goods,National,Federal Government,"Apr 11, 2025, 1:00:00 PM"
EIPA-NCB-C-0020-2017-BID,Lot:  1,Law Consultancy Service (ለዳሰሳ ጥናትና የአዋጅ,Ethiopian Intellectual Property Authorit,ConsultancyServices,National,Federal Government,"Apr 11, 2025, 1:00:00 PM"
SLU-NCB-G-0037-2017-BID,Lot:  1,"Dairy Science and technology, Animal Nut",Salale University,Goods,National,Federal Government,"Apr 15, 2025, 9:00:00 AM"
SLU-NCB-G-0038-2017-BID,Lot:  1,purchase of equipment for    sport gym c,Salale University,Goods,National,Federal Government,"Apr 3, 2025, 4:00:00 PM"
AMSH-NCB-G-0075-2017-BID,Lot:  1,Procurement Of Medicine >>>,Amanuel Mental Specialized Hospital,Goods,National,Federal Government,"Apr 17, 2025, 1:00:00 PM"
FPC-NCB-G-0069-2017-BID,Lot:  1,Purchase  of sanitary items**,Federal Prisoners Commission,Goods,National,Federal Government,"Apr 11, 2025, 5:00:00 PM"
DMU-NCB-W-0006-2017-BID,Lot:  1,LOT 31:-PROCURMENT OF EXISTING BUILDING,Debremarkos University,Works,National,Federal Government,"Apr 4, 2025, 10:00:00 AM"
MOD-NCB-G-0675-2017-PUR,Lot:  1,የጋራዥና የግምጃ ቤት ጋወን የግዥ ፍላጎት,Ministry of Defense,Goods,National,Federal Government,"Apr 3, 2025, 10:00:00 AM"
HoPR-NCB-NC-0056-2017-BID,Lot:  1,Procurement of Enhancing Parliament Web,Houses of Peoples Representative,NonConsultancyServices,National,Federal Government,"Apr 4, 2025, 10:00:00 AM"
,,,,,,,
SPSH-NCB-G-0091-2017-BID,Lot:  1,Procurement of labratory commodities New,St. Peter Specialized Hospital,Goods,National,Federal Government,"Apr 1, 2025, 11:00:00 AM"
HoPR-NCB-NC-0063-2017-BID,Lot:  1,V   I   P  Cafe Kitchen (ምክር ቤቱን በሚመጥን እ,Houses of Peoples Representative,NonConsultancyServices,National,Federal Government,"Apr 11, 2025, 1:00:00 PM"
BHU-NCB-G-0089-2017-PUR,Lot:  1,PROCUREMENT OF CONFIDENCE,Bule Hora University,Goods,National,Federal Government,"Jan 31, 2028, 2:00:00 PM"
DDU-NCB-G-0073-2017-BID,Lot:  1,Lot 75 Procurement of Supply and install,Dire Dawa University,Goods,National,Federal Government,"Apr 5, 2025, 4:00:00 PM"
ERA-ICB-G-0042-2017-BID,Lot:  1,Lot 37: Procurement of Single drum rolle,Ethiopian Road Administration,Goods,International,Federal Government,"Apr 15, 2025, 10:00:00 AM"
ERA-ICB-G-0041-2017-BID,Lot:  1,Lot 36: Procurement of Wheel loader; 3 m,Ethiopian Road Administration,Goods,International,Federal Government,"Apr 15, 2025, 10:00:00 AM"
DKU-NCB-G-0067-2017-BID-Re-bid,Lot:  1,procurement of የቤትና የቢሮ  እቃዎች,Debark University,Goods,National,Federal Government,"Apr 1, 2025, 11:00:00 AM"
DKU-NCB-G-0086-2017-BID,Lot:  1,Procurement of camera equipment,Debark University,Goods,National,Federal Government,"Apr 2, 2025, 9:00:00 AM"
ERA-NCB-G-0047-2017-BID-Re-bid,Lot:  1,Lot 40: Procurement of Asphalt Paver wit,Ethiopian Road Administration,Goods,National,Federal Government,"Apr 11, 2025, 10:00:00 AM"
DKU-NCB-G-0087-2017-BID,Lot:  1,procurement of Agricultural laboratory e,Debark University,Goods,National,Federal Government,"Apr 3, 2025, 10:00:00 AM"
,,,,,,,
DKU-NCB-G-0081-2017-BID,Lot:  1,Procurement of የጋራጅ ቋሚ አቃ,Debark University,Goods,National,Federal Government,"Apr 2, 2025, 9:00:00 AM"
ERA-NCB-G-0048-2017-BID-Re-bid,Lot:  1,Lot 39: Procurement of Excavator with Fi,Ethiopian Road Administration,Goods,National,Federal Government,"Apr 11, 2025, 10:00:00 AM"
ERA-NCB-G-0045-2017-BID-Re-bid,Lot:  1,Lot 41: Procurement of Loader with Field,Ethiopian Road Administration,Goods,National,Federal Government,"Apr 11, 2025, 4:00:00 PM"
MAU-NCB-G-0059-2017-BID,Lot:  1,የእንስሳት መድሀኒት ግዥ ሎት 1,Mekidelamba University,Goods,National,Federal Government,"Apr 10, 2025, 9:00:00 AM"
MOD-NCB-NC-0572-2017-BID,Lot:  1,Procurement of ICT goods and installatio,Ministry of Defense,NonConsultancyServices,National,Federal Government,"Apr 11, 2025, 1:00:00 PM"
SLU-NCB-G-0051-2017-BID,Lot:  1,የከብት ሥጋ ግዢ2,Salale University,Goods,National,Federal Government,"Apr 12, 2025, 6:00:00 PM"
JJU-NCB-G-0021-2017-BID-Re-bid,Lot:  1,OFFICE EQUIPMENT FOR  PROJECT SITE,Jigjiga University,Goods,National,Federal Government,"Apr 11, 2025, 1:00:00 PM"
MoTL-NCB-G-0028-2017-BID,Lot:  1,Procurement of suit (protocol suit) የፕሮቶ,Ministry of Transport and Logistics,Goods,National,Federal Government,"Apr 11, 2025, 1:00:00 PM"
AMSH-NCB-G-0079-2017-BID,Lot:  1,Procurement of laboratory furniture //,Amanuel Mental Specialized Hospital,Goods,National,Federal Government,"Apr 16, 2025, 1:00:00 PM"
ECTA-NCB-G-0035-2017-BID,Lot:  1,Agricultural Equipment 3,Ethiopian Coffee and Tea Authority,Goods,National,Federal Government,"Apr 10, 2025, 12:00:00 PM"
,,,,,,,
RG-NCB-G-0040-2017-BID,Lot:  1,የፅዳት ዕቃዎችእና የሴቶች የንፅሕና መጠበቂያ  ግዥ LOt -0,Republican Guard,Goods,National,Federal Government,"Apr 10, 2025, 12:00:00 PM"
NISS-NCB-G-0852-2017-PUR,Lot:  1,4 ኤሌክትሪክ 17.7.2017,National Intelligence and Security Servi,Goods,National,Federal Government,"Jan 3, 2026, 12:00:00 AM"
FPC-NCB-G-0067-2017-BID,Lot:  1,PROCUREMENT OF SPORT MATERIALS *,Federal Prisoners Commission,Goods,National,Federal Government,"Apr 10, 2025, 12:00:00 PM"
MoP-NCB-G-0024-2017-BID-Re-bid,Lot:  1,2017 precurement plan  of comunication m,Ministry of Peace,Goods,National,Federal Government,"Apr 10, 2025, 1:00:00 PM"
BHU-NCB-NC-0071-2017-BID,Lot:  1,Lot:3/ICT  Property administration Manag,Bule Hora University,NonConsultancyServices,National,Federal Government,"Apr 2, 2025, 3:00:00 PM"
CSC-NCB-G-0014-2017-BID,Lot:  1,purchase requisition protocol uniform 1,FDRE Civil Service Commission,Goods,National,Federal Government,"Apr 4, 2025, 10:00:00 AM"
CSC-NCB-G-0013-2017-BID,Lot:  1,"procurement of uniform 1 ,2017",FDRE Civil Service Commission,Goods,National,Federal Government,"Apr 3, 2025, 10:00:00 AM"
SPHMMC-NCB-G-0774-2017-PUR,Lot:  1,examination glove medium size 100  piece,St. Paul's Hospital Millennium Medical,Goods,National,Federal Government,"Jan 12, 2026, 12:00:00 AM"
EMAA-NCB-C-0021-2017-BID,Lot:  1,LOT 51;  Procurement of Logistics Operat,Ethiopian Maritime Authority,ConsultancyServices,National,Federal Government,"Apr 10, 2025, 10:00:00 AM"
EPU-NCB-C-0030-2017-BID,Lot:  1,የሞጁል ልማት እና ግምገማ ባለሙያ ግዥ,Ethiopian Police University,ConsultancyServices,National,Federal Government,"Apr 10, 2025, 1:00:00 PM"
,,,,,,,
RG-NCB-G-0039-2017-BID,Lot:  1,አንሶላና ፎጣ ግዥ --- 2017---LOT.. 027,Republican Guard,Goods,National,Federal Government,"Apr 10, 2025, 1:00:00 PM"
RG-NCB-G-0039-2017-BID,Lot:  1,አንሶላና ፎጣ ግዥ --- 2017---LOT.. 027,Republican Guard,Goods,National,Federal Government,"Apr 10, 2025, 1:00:00 PM"
RG-NCB-G-0039-2017-BID,Lot:  1,አንሶላና ፎጣ ግዥ --- 2017---LOT.. 027,Republican Guard,Goods,National,Federal Government,"Apr 10, 2025, 1:00:00 PM"
RG-NCB-G-0039-2017-BID,Lot:  1,አንሶላና ፎጣ ግዥ --- 2017---LOT.. 027,Republican Guard,Goods,National,Federal Government,"Apr 10, 2025, 10:00:00 AM"
UoG-NCB-G-0115-2017-BID,Lot:  1,Lot=050 procurement of Rigid pediatric B,University of Gondar,Goods,National,Federal Government,"Apr 11, 2025, 12:00:00 PM"
FHCE-NCB-NC-0031-2017-BID,Lot:  1,የሆቴል አገልግሎት ግዥ ለአዲስ አበባ ከተማ ለ ባለ 5 ኮከብ ብ,Federal High Court,NonConsultancyServices,National,Federal Government,"Apr 1, 2025, 10:00:00 AM"
AMSH-NCB-G-0080-2017-BID,Lot:  1,Procurement Of Expert Table +,Amanuel Mental Specialized Hospital,Goods,National,Federal Government,"Apr 18, 2025, 10:00:00 AM"
SLU-NCB-G-0031-2017-BID-Re-bid-Re-bid,Lot:  1,procurement of modern music materials,Salale University,Goods,National,Federal Government,"Apr 10, 2025, 10:00:00 AM"
ECA-NCB-NC-0023-2017-BID,Lot:  1,Hotel Service /ለሁለት ዓመት ውል የሆቴል አገልግሎት ግ,Ethiopian Construction Authority,NonConsultancyServices,National,Federal Government,"Apr 3, 2025, 2:00:00 PM"
EED-NCB-G-0007-2017-BID,Lot:  1,Procurement  of የአዳራሽ ወንበር /BID/2017/05,Ethiopian Enterprise Development,Goods,National,Federal Government,"Apr 10, 2025, 5:00:00 PM"
SLU-NCB-G-0033-2017-BID-Re-bid,Lot:  1,Lot 11: procurement of building material,Salale University,Goods,National,Federal Government,"Apr 7, 2025, 9:00:00 AM"
SLU-NCB-G-0047-2017-BID,Lot:  1,ለመንገድ ትራንስፖርት ደህንነት ስራ የምያስፈልጉ ዕቃዎች ግዥ,Salale University,Goods,National,Federal Government,"Apr 11, 2025, 10:00:00 AM"
,,,,,,,
RG-NCB-G-0037-2017-BID,Lot:  1,የተሽከርካሪ ጥገና  ዕቃዎች ግዥ......... LOT  026 2,Republican Guard,Goods,National,Federal Government,"Apr 8, 2025, 10:00:00 AM"
MoP-NCB-NC-0022-2017-BID-Re-bid,Lot:  1,MOp precurement of service and maintenan,Ministry of Peace,NonConsultancyServices,National,Federal Government,"Apr 10, 2025, 2:00:00 PM"
MOD-NCB-G-0557-2017-BID,Lot:  1,Lot 67 procurement of different spare pa,Ministry of Defense,Goods,National,Federal Government,"Apr 10, 2025, 1:00:00 PM"
SPSH-NCB-G-0103-2017-BID,Lot:  1,Procurement of medicine 4(new),St. Peter Specialized Hospital,Goods,National,Federal Government,"Apr 10, 2025, 2:00:00 PM"
MOD-NCB-G-0562-2017-BID,Lot:  1,Lot 66 Procurement of  construction mate,Ministry of Defense,Goods,National,Federal Government,"Apr 10, 2025, 1:00:00 PM"
MEU-NCB-G-0070-2017-BID,Lot:  1,procurement of desk top computer and lap,Mettu University,Goods,National,Federal Government,"Apr 9, 2025, 1:00:00 PM"
HUU-NCB-G-0069-2017-BID,Lot:  1,Procurement Of Work Shop High Spec Deskt,Hawassa University,Goods,National,Federal Government,"Apr 9, 2025, 7:00:00 PM"
MTU-NCB-G-0039-2017-BID,Lot:  1,የ2017 በጀት ዓመት ደምብ ልብስ ግዥ,Mizan-Tepi University,Goods,National,Federal Government,"Apr 9, 2025, 5:00:00 PM"
ESS-NCB-G-0037-2017-BID,Lot:  1,Procurement Of Office Stationery Materia,Ethiopian Statistics Service,Goods,National,Federal Government,"Apr 10, 2025, 2:00:00 PM"
BHU-NCB-G-0082-2017-BID,Lot:  1,LOT 81 Procurements of printing JIKDS Bo,Bule Hora University,Goods,National,Federal Government,"Apr 9, 2025, 10:00:00 AM"
,,,,,,,
BHU-NCB-G-0077-2017-BID,Lot:  1,PROCUREMENT OF VEHICLE OIL AND GREASE,Bule Hora University,Goods,National,Federal Government,"Apr 9, 2025, 3:00:00 PM"
BHU-NCB-G-0081-2017-BID,Lot:  1,Lot 90  ለስምሪት አገልግሎት የሚሆን የተሽከርካሪ ጎማ ግዥ/,Bule Hora University,Goods,National,Federal Government,"Apr 9, 2025, 4:00:00 PM"
ECC-NCB-NC-0127-2017-BID,Lot:  1,LOT 107: PROCUREMENT OF CRAINE AND TRANS,Ethiopian Customs Commission,NonConsultancyServices,National,Federal Government,"Apr 9, 2025, 5:00:00 PM"
ESS-NCB-G-0039-2017-BID,Lot:  1,procurement of uniform2(2017),Ethiopian Statistics Service,Goods,National,Federal Government,"Apr 10, 2025, 6:00:00 PM"
WKU-NCB-G-0106-2017-BID,Lot:  1,ሎት 401; ለወልቂጤ ዩኒቨርሲቲ ለስምሪትና ጋራዥ የተሽከርካሪ,Wolkite University,Goods,National,Federal Government,"Apr 4, 2025, 4:00:00 PM"
SSGI-NCB-G-0084-2017-BID,Lot:  1,Purchase Requisition for uniform cloth 5,Space Science and Geospatial Institute,Goods,National,Federal Government,"Apr 10, 2025, 1:00:00 PM"
MEU-NCB-G-0068-2017-BID,Lot:  1,"Procurement Of Camera, video camera and",Mettu University,Goods,National,Federal Government,"Apr 9, 2025, 10:00:00 AM"
BHU-NCB-W-0083-2017-BID,Lot:  1,LOT 1 PROCUREMENT OF  REMAING STORE WOR,Bule Hora University,Works,National,Federal Government,"Apr 15, 2025, 9:00:00 AM"
ESS-NCB-G-0035-2017-BID,Lot:  1,Procurement Of Umbrella (POU 2017),Ethiopian Statistics Service,Goods,National,Federal Government,"Apr 2, 2025, 3:00:00 PM"
FPC-NCB-G-0061-2017-BID,Lot:  1,ለተለያዩ የሙዚቃ መሳሪያዎች  መያዥያ ቦርሳዎች ግዥ/Procure,Federal Prisoners Commission,Goods,National,Federal Government,"Apr 1, 2025, 10:00:00 AM"
,,,,,,,
BHU-NCB-G-0077-2017-BID,Lot:  1,PROCUREMENT OF VEHICLE OIL AND GREASE,Bule Hora University,Goods,National,Federal Government,"Apr 9, 2025, 3:00:00 PM"
BHU-NCB-G-0081-2017-BID,Lot:  1,Lot 90  ለስምሪት አገልግሎት የሚሆን የተሽከርካሪ ጎማ ግዥ/,Bule Hora University,Goods,National,Federal Government,"Apr 9, 2025, 4:00:00 PM"
ECC-NCB-NC-0127-2017-BID,Lot:  1,LOT 107: PROCUREMENT OF CRAINE AND TRANS,Ethiopian Customs Commission,NonConsultancyServices,National,Federal Government,"Apr 9, 2025, 5:00:00 PM"
ESS-NCB-G-0039-2017-BID,Lot:  1,procurement of uniform2(2017),Ethiopian Statistics Service,Goods,National,Federal Government,"Apr 10, 2025, 6:00:00 PM"
WKU-NCB-G-0106-2017-BID,Lot:  1,ሎት 401; ለወልቂጤ ዩኒቨርሲቲ ለስምሪትና ጋራዥ የተሽከርካሪ,Wolkite University,Goods,National,Federal Government,"Apr 4, 2025, 4:00:00 PM"
SSGI-NCB-G-0084-2017-BID,Lot:  1,Purchase Requisition for uniform cloth 5,Space Science and Geospatial Institute,Goods,National,Federal Government,"Apr 10, 2025, 1:00:00 PM"
MEU-NCB-G-0068-2017-BID,Lot:  1,"Procurement Of Camera, video camera and",Mettu University,Goods,National,Federal Government,"Apr 9, 2025, 10:00:00 AM"
BHU-NCB-W-0083-2017-BID,Lot:  1,LOT 1 PROCUREMENT OF  REMAING STORE WOR,Bule Hora University,Works,National,Federal Government,"Apr 15, 2025, 9:00:00 AM"
ESS-NCB-G-0035-2017-BID,Lot:  1,Procurement Of Umbrella (POU 2017),Ethiopian Statistics Service,Goods,National,Federal Government,"Apr 2, 2025, 3:00:00 PM"
FPC-NCB-G-0061-2017-BID,Lot:  1,ለተለያዩ የሙዚቃ መሳሪያዎች  መያዥያ ቦርሳዎች ግዥ/Procure,Federal Prisoners Commission,Goods,National,Federal Government,"Apr 1, 2025, 10:00:00 AM"
,,,,,,,
MoR-NCB-G-0181-2017-BID,Lot:  1,Procurement Of Uniform (የደንብ ልብስ ግዥ),Ministry of Revenue,Goods,National,Federal Government,"Apr 8, 2025, 1:00:00 PM"
WU-NCB-G-0071-2017-BID,Lot:  1,የሪዞ ማሽን የማባዥያ ቀለም ወሎ ዩኒቨርስቲ ግዥ  2017,Wollo University,Goods,National,Federal Government,"Apr 9, 2025, 7:00:00 PM"
DKU-NCB-G-0092-2017-BID,Lot:  1,procurement of water equipment,Debark University,Goods,National,Federal Government,"Apr 8, 2025, 12:00:00 PM"
MInT-NCB-C-0063-2017-BID,Lot:  1,PROCUREMENT OF CONSULTING FIRM THAT COND,Ministry of Innovation and Technology,ConsultancyServices,National,Federal Government,"Apr 8, 2025, 10:00:00 AM"
HUU-NCB-NC-0070-2017-BID,Lot:  1,Procurement of Generators Maintenance &,Hawassa University,NonConsultancyServices,National,Federal Government,"Apr 8, 2025, 7:00:00 PM"
LDI-NCB-G-0020-2017-BID-Re-bid,Lot:  1,PROCUREMENT OF OTHER MATERIAL LOT 007/20,Livestock Development Institute,Goods,National,Federal Government,"Apr 8, 2025, 5:00:00 PM"
AABE-NCB-NC-0009-2017-BID-Re-bid,Lot:  1,procurmente of  Network and Security Cam,Accounting and Audit Board of Ethiopia,NonConsultancyServices,National,Federal Government,"Apr 9, 2025, 11:00:00 AM"
DRMC-NCB-NC-0033-2017-BID,Lot:  1,Procurement of Hotel Service at  Hawasa,Ethiopian Disaster Risk Management Commi,NonConsultancyServices,National,Federal Government,"Apr 5, 2025, 10:00:00 AM"
HRU-NCB-G-0126-2017-BID-Re-bid,Lot:  1,PROCUREMENT OF HU FM 91.5 'ሬዲዮ ጣቢያ የድምፅ,Haramaya University,Goods,National,Federal Government,"Apr 8, 2025, 1:00:00 PM"
BU-NCB-G-0047-2017-BID,Lot:  1,የ100 kVA ጀነሬተርና  ተጓዳኝ  ዕቃዎች ግዥ,BONGA UNIVERSITY,Goods,National,Federal Government,"Apr 8, 2025, 10:00:00 AM"
,,,,,,,
ESA-NCB-G-0033-2017-BID,Lot:  1,Procurement of sports equipment and supp,Ethiopian sport Academy,Goods,National,Federal Government,"Apr 14, 2025, 10:00:00 AM"
EAES-NCB-NC-0032-2017-BID,Lot:  1,የመድረክ ሁነት አቀናባሪ (Event Organizers/Stage,Educational Assessment and Examinations,NonConsultancyServices,National,Federal Government,"Apr 3, 2025, 10:00:00 AM"
EAES-NCB-NC-0028-2017-BID,Lot:  1,ዓመታዊ የደረቅ ጭነት አገልግሎት የፈተና ግብዓቶችን እና ቁሳቁሶ,Educational Assessment and Examinations,NonConsultancyServices,National,Federal Government,"Apr 2, 2025, 10:00:00 AM"
EAES-NCB-G-0031-2017-BID,Lot:  1,የሆቴል አገልግሎት ግዥ  አዲስ አበባ ባለ 3 ኮከብ (Hotel,Educational Assessment and Examinations,Goods,National,Federal Government,"Apr 8, 2025, 10:00:00 AM"
FETA-NCB-G-0005-2017-BID,Lot:  1,Procurement of Tyre and car decore mater,FDRE Education and Training Authority,Goods,National,Federal Government,"Apr 8, 2025, 1:00:00 PM"
ALEA-NCB-G-0033-2017-BID,Lot:  1,Procurement of Electronics,African Leadership Excellence Academy,Goods,National,Federal Government,"Apr 8, 2025, 7:00:00 PM"
PMO-NCB-G-0012-2017-BID,Lot:  1,ሎት 22 ልዩ ልዩ የጽዳት እና የተሸከርካሪ ማሽጌጫ ዕቃዎች ግዥ,Prime Minister Office,Goods,National,Federal Government,"Apr 8, 2025, 12:00:00 PM"
MOD-NCB-G-0556-2017-BID,Lot:  1,የተሽከርካሪ ጎማ,Ministry of Defense,Goods,National,Federal Government,"Apr 6, 2025, 1:00:00 PM"
ERA-ICB-G-0102-2017-BID,Lot:  1,Lot 44:Procurement of Temporary Steel Pa,Ethiopian Roads Administration,Goods,International,Federal Government,"Apr 21, 2025, 10:00:00 AM"
MAU-NCB-G-0058-2017-BID,Lot:  1,የእጽዋት ሳይንስ እና ፎረስተሪ ላብራቶሪ እቃዋች ግዥ lot 2,Mekidelamba University,Goods,National,Federal Government,"Apr 7, 2025, 10:00:00 AM"
,,,,,,,
UoG-NCB-G-0113-2017-BID,Lot:  1,LOT-047 የእንስሳት ህክምና መድሃኒቶች እና የመሳሪያ ዕቃዎች,University of Gondar,Goods,National,Federal Government,"Apr 6, 2025, 6:00:00 PM"
EMAA-NCB-G-0023-2017-BID,Lot:  1,LOT 8 : Procurement of Car Spare Part an,Ethiopian Maritime Authority,Goods,National,Federal Government,"Apr 6, 2025, 1:00:00 PM"
ERA-NCB-W-0110-2017-BID,Lot:  1,Construction Works of Gereb daya Bridge,Ethiopian Roads Administration,Works,National,Federal Government,"Apr 23, 2025, 5:00:00 PM"
ASTU-NCB-W-0098-2017-BID,Lot:  1,"Lot:-139:- Procurement of Supply, Instal",Adama Science and Technology University,Works,National,Federal Government,"Apr 9, 2025, 9:00:00 AM"
ASTU-NCB-G-0096-2017-BID,Lot:  1,Lot 137:- Procurement of  Research mater,Adama Science and Technology University,Goods,National,Federal Government,"Apr 5, 2025, 5:00:00 PM"
ASTU-NCB-G-0099-2017-BID,Lot:  1,Lot  140:- ከ9ኛ -12ኛ ክፍል ለሚማሩ ተማሪዎች መማሪያ,Adama Science and Technology University,Goods,National,Federal Government,"Apr 5, 2025, 1:00:00 PM"
AMSH-NCB-G-0065-2017-BID,Lot:  1,procurement of vegetables,Amanuel Mental Specialized Hospital,Goods,National,Federal Government,"Apr 10, 2025, 10:00:00 AM"
ACSO-NCB-NC-0006-2017-BID,Lot:  1,Purchase of Hotel Service2017,Authority For Civil Society Organization,NonConsultancyServices,National,Federal Government,"Apr 1, 2025, 10:00:00 AM"
INSA-NCB-G-0093-2017-BID,Lot:  1,lNSA Procurment of computer and others O,Information Network Security Administrat,Goods,National,Federal Government,"Apr 5, 2025, 2:00:00 PM"
ERA-NCB-W-0128-2017-BID,Lot:  1,Construction Works of Gabi Kura 2 Bridge,Ethiopian Roads Administration,Works,National,Federal Government,"Apr 20, 2025, 5:00:00 PM"
,,,,,,,
UoG-NCB-G-0113-2017-BID,Lot:  1,LOT-047 የእንስሳት ህክምና መድሃኒቶች እና የመሳሪያ ዕቃዎች,University of Gondar,Goods,National,Federal Government,"Apr 6, 2025, 6:00:00 PM"
EMAA-NCB-G-0023-2017-BID,Lot:  1,LOT 8 : Procurement of Car Spare Part an,Ethiopian Maritime Authority,Goods,National,Federal Government,"Apr 6, 2025, 1:00:00 PM"
ERA-NCB-W-0110-2017-BID,Lot:  1,Construction Works of Gereb daya Bridge,Ethiopian Roads Administration,Works,National,Federal Government,"Apr 23, 2025, 5:00:00 PM"
ASTU-NCB-W-0098-2017-BID,Lot:  1,"Lot:-139:- Procurement of Supply, Instal",Adama Science and Technology University,Works,National,Federal Government,"Apr 9, 2025, 9:00:00 AM"
ASTU-NCB-G-0096-2017-BID,Lot:  1,Lot 137:- Procurement of  Research mater,Adama Science and Technology University,Goods,National,Federal Government,"Apr 5, 2025, 5:00:00 PM"
ASTU-NCB-G-0099-2017-BID,Lot:  1,Lot  140:- ከ9ኛ -12ኛ ክፍል ለሚማሩ ተማሪዎች መማሪያ,Adama Science and Technology University,Goods,National,Federal Government,"Apr 5, 2025, 1:00:00 PM"
AMSH-NCB-G-0065-2017-BID,Lot:  1,procurement of vegetables,Amanuel Mental Specialized Hospital,Goods,National,Federal Government,"Apr 10, 2025, 10:00:00 AM"
ACSO-NCB-NC-0006-2017-BID,Lot:  1,Purchase of Hotel Service2017,Authority For Civil Society Organization,NonConsultancyServices,National,Federal Government,"Apr 1, 2025, 10:00:00 AM"
INSA-NCB-G-0093-2017-BID,Lot:  1,lNSA Procurment of computer and others O,Information Network Security Administrat,Goods,National,Federal Government,"Apr 5, 2025, 2:00:00 PM"
ERA-NCB-W-0128-2017-BID,Lot:  1,Construction Works of Gabi Kura 2 Bridge,Ethiopian Roads Administration,Works,National,Federal Government,"Apr 20, 2025, 5:00:00 PM"
,,,,,,,
EALS-NCB-C-0025-2017-BID,Lot:  1,Procurement of CONSULTANCY SERVICES/የማማከ,Ethiopian Archives and Library Service,ConsultancyServices,National,Federal Government,"Apr 5, 2025, 1:00:00 PM"
EMAA-NCB-G-0024-2017-BID,Lot:  1,LOT 53 procurement OF  ICT EQUIPMENT,Ethiopian Maritime Authority,Goods,National,Federal Government,"Apr 5, 2025, 1:00:00 PM"
BRU-NCB-G-0017-2017-BID-Re-bid,Lot:  1,baltina product,Borana Universty,Goods,National,Federal Government,"Apr 4, 2025, 5:00:00 PM"
ECC-NCB-NC-0107-2017-BID-Re-bid,Lot:  1,ሎት 32 የቦቴ ዉሃ አቅርቦትና የፍሳሽ ቆሻሻ የማስመጠጥ አገልግ,Ethiopian Customs Commission,NonConsultancyServices,National,Federal Government,"Apr 4, 2025, 1:00:00 PM"
DMU-NCB-G-0011-2017-BID,Lot:  1,lot 34 Purchase Requisition of electroni,Debremarkos University,Goods,National,Federal Government,"Apr 4, 2025, 1:00:00 PM"
EMAA-NCB-NC-0022-2017-BID,Lot:  1,LOT 52; Procurement of Network Infrastru,Ethiopian Maritime Authority,NonConsultancyServices,National,Federal Government,"Apr 4, 2025, 1:00:00 PM"
EPHI-NCB-G-0063-2017-BID,Lot:  1,Purchase of Lap Top Computer 2017,Ethiopian Public Health Institute,Goods,National,Federal Government,"Apr 4, 2025, 5:00:00 PM"
ECC-NCB-G-0128-2017-BID,Lot:  1,Lot.6 Procurement Of Printing Material`s,Ethiopian Customs Commission,Goods,National,Federal Government,"Apr 6, 2025, 1:00:00 PM"
FPC-NCB-NC-0059-2017-BID,Lot:  1,Procurement of maintenance service for D,Federal Prisoners Commission,NonConsultancyServices,National,Federal Government,"Apr 4, 2025, 5:00:00 PM"
EPU-NCB-G-0031-2017-BID,Lot:  1,lot 33 በአዳይቱ ማሰልጠኛ አገልግሎት የሚዉል ማቴሪያሎች ጨረ,Ethiopian Police University,Goods,National,Federal Government,"Apr 4, 2025, 4:00:00 PM"
,,,,,,,
DMU-NCB-G-0011-2017-BID,Lot:  1,Procurement Of LCD Projector,Debremarkos University,Goods,National,Federal Government,"Apr 4, 2025, 1:00:00 PM"
WKU-NCB-G-0108-2017-BID,Lot:  1,LOT419 የወልቂጤ ዩኒቨርስቲ ለግቢ ደህንነት ስራ አስፈፃሚ ስ,Wolkite University,Goods,National,Federal Government,"Apr 4, 2025, 2:00:00 PM"
MoWE-NCB-G-0008-2017-BID,Lot:  1,tire bid document,Ministry of Water and Energy,Goods,National,Federal Government,"Apr 10, 2025, 1:00:00 PM"
MoWE-NCB-G-0009-2017-BID,Lot:  1,spare part bid document,Ministry of Water and Energy,Goods,National,Federal Government,"Apr 10, 2025, 1:00:00 PM"
WKU-NCB-G-0107-2017-BID,Lot:  1,LOT412 የወልቂጤ ዩኒቨርስቲ ለአካ/ጉ/ም/ፕሬዝዳንት ቢሮ ለመ,Wolkite University,Goods,National,Federal Government,"Apr 4, 2025, 5:00:00 PM"
MoA-NCB-G-0059-2017-BID,Lot:  1,ICT MTERIAL GIZ INVESTMENT,Ministry of Agriculture,Goods,National,Federal Government,"Apr 4, 2025, 2:00:00 PM"
EFP-NCB-G-0067-2017-BID-Re-bid,Lot:  1,procurement of bedding close for 2017 bu,Ethiopian Federal Police,Goods,National,Federal Government,"Apr 4, 2026, 10:00:00 AM"
SPHMMC-NCB-NC-0086-2017-BID,Lot:  1,Procurements of Generator Troubleshootin,St. Paul's Hospital Millennium Medical,NonConsultancyServices,National,Federal Government,"Apr 4, 2025, 6:00:00 PM"
MOD-NCB-G-0552-2017-BID,Lot:  1,lot 20 stationary items 6219/ 2017,Ministry of Defense,Goods,National,Federal Government,"Apr 4, 2025, 12:00:00 PM"
DKU-NCB-G-0068-2017-BID-Re-bid,Lot:  1,procurement of ICT equipment's 1,Debark University,Goods,National,Federal Government,"Apr 9, 2025, 6:00:00 PM"
,,,,,,,
WRU-NCB-G-0035-2017-BID,Lot:  1,ለወራቤ ዩኒቨርሲቲ አገልግሎት የሚውሉ የከለር ፕሪንተር አክሰሰሪ,Werabe University,Goods,National,Federal Government,"Apr 5, 2025, 10:00:00 AM"
MOD-NCB-G-0630-2017-PUR,Lot:  1,procurement of  የላዉደሪ ማጠቢያ ማሽን ማቴሪያል,Ministry of Defense,Goods,National,Federal Government,"Apr 21, 2025, 12:00:00 AM"
JKU-NCB-NC-0034-2017-BID,Lot:  1,ለዩኒቨርሲቲው መምህራንና ሠራተኞች አገልግሎት የሚውል የትራንስፖ,Jinka University,NonConsultancyServices,National,Federal Government,"Apr 4, 2025, 1:00:00 PM"
DaDU	-NCB-G-0015-2017-BID,Lot:  1,Lot 7 procurement of Sper part,Dambi Dollo University,Goods,National,Federal Government,"Apr 1, 2025, 3:00:00 PM"
FSCoE-NCB-NC-0063-2017-BID,Lot:  1,Procurement of 4-star hotel services for,Federal Supreme Court,NonConsultancyServices,National,Federal Government,"Apr 4, 2025, 9:00:00 AM"
FSCoE-NCB-NC-0064-2017-BID,Lot:  1,Procurement of 5-star hotel services for,Federal Supreme Court,NonConsultancyServices,National,Federal Government,"Apr 4, 2025, 9:00:00 AM"
GSE-NCB-G-0019-2017-BID,Lot:  1,Procurement of Car Fuel & Lubricant,Geological Institute of Ethiopia,Goods,National,Federal Government,"Apr 4, 2025, 1:00:00 PM"
WRU-NCB-G-0036-2017-BID,Lot:  1,ለወራቤ ዩኒቨርሲቲ ሰው ሃብት ስራ አስፈጻሚ አገልግሎት የሚውሉ,Werabe University,Goods,National,Federal Government,"Apr 4, 2025, 5:00:00 PM"
WRU-NCB-G-0036-2017-BID,Lot:  1,ለወራቤ ዩኒቨርሲቲ ሰው ሃብት ስራ አስፈጻሚ አገልግሎት የሚውሉ,Werabe University,Goods,National,Federal Government,"Apr 4, 2025, 5:00:00 PM"
MOD-NCB-G-0551-2017-BID,Lot:  1,Purchase of electronics የኤሌክትሮኒክስ ዕቃ ግዥE,Ministry of Defense,Goods,National,Federal Government,"Apr 4, 2025, 1:00:00 PM"
FPC-NCB-G-0064-2017-BID,Lot:  1,Purchase of Medical Equipment #,Federal Prisoners Commission,Goods,National,Federal Government,"Apr 4, 2025, 5:00:00 PM"
,,,,,,,
MoH-NCB-G-0064-2017-BID,Lot:  1,procurement of management equipment for,Ministry of Health,Goods,National,Federal Government,"Apr 4, 2025, 6:00:00 PM"
JKU-NCB-G-0036-2017-BID,Lot:  1,የተሸከርካር ጎማ ግዥ 2017,Jinka University,Goods,National,Federal Government,"Apr 4, 2025, 1:00:00 PM"
UoG-NCB-G-0112-2017-BID,Lot:  1,Lot  -  003 Procurement  Of Chemical &,University of Gondar,Goods,National,Federal Government,"Apr 4, 2025, 1:00:00 PM"
ECSU-NCB-G-0043-2017-BID,Lot:  1,procurement of the furniture,Ethiopian Civil Service University,Goods,National,Federal Government,"Apr 4, 2025, 1:00:00 PM"
FPC-NCB-NC-0065-2017-BID,Lot:  1,"Purchase for water truck(20,000(ሃያ ሺህ ሊት",Federal Prisoners Commission,NonConsultancyServices,National,Federal Government,"Apr 4, 2025, 1:00:00 PM"
UoG-NCB-G-0110-2017-BID,Lot:  1,LOT 056 GC ሲስሚክስ ማሽን ሪኤጀንት ግዥ,University of Gondar,Goods,National,Federal Government,"Apr 4, 2025, 12:00:00 PM"
MoA-NCB-G-0064-2017-BID,Lot:  1,PROCURMENT FOR TONER,Ministry of Agriculture,Goods,National,Federal Government,"Apr 4, 2025, 1:00:00 PM"
AII-NCB-G-0043-2017-BID,Lot:  1,LOT 21 Bottled water / የታሸገ ውሃ,Artificial Intelligence Institute,Goods,National,Federal Government,"Apr 4, 2025, 6:00:00 PM"
EPSA-NCB-G-0083-2017-BID,Lot:  1,	የኢትዮጵያ መድሃኒት አቅራቢ አገልግሎት  ለ5(አምስት) ሪቮ,Ethiopia Pharmaceutical Supplies Service,Goods,National,Federal Government,"Apr 3, 2025, 7:00:00 PM"
PA-NCB-G-0008-2017-BID,Lot:  1,Lot 49 Procurement of Diesel Engine Gene,FDRE Palace Administration,Goods,National,Federal Government,"Apr 3, 2025, 5:00:00 PM"
,,,,,,,
FPC-NCB-G-0063-2017-BID,Lot:  1,Procurement of Sport Materials 2017,Federal Prisoners Commission,Goods,National,Federal Government,"Apr 3, 2025, 1:00:00 PM"
ECC-NCB-NC-0129-2017-BID,Lot:  1,የጥበቃ አገልግሎት ለአንድ ግለሰብ ግቢ ለ24 ሰዓት ለሶስት ሰው,Ethiopian Customs Commission,NonConsultancyServices,National,Federal Government,"Apr 3, 2025, 1:00:00 PM"
MoP-NCB-G-0010-2017-BID-Re-bid,Lot:  1,MOp 2017 precurement of comunication mat,Ministry of Peace,Goods,National,Federal Government,"Apr 3, 2025, 1:00:00 PM"
MoP-NCB-G-0010-2017-BID-Re-bid,Lot:  1,MOp 2017 precurement of comunication mat,Ministry of Peace,Goods,National,Federal Government,"Apr 3, 2025, 1:00:00 PM"
SPSH-NCB-G-0136-2017-PUR,Lot:  1,procurement of OR catheter,St. Peter Specialized Hospital,Goods,National,Federal Government,"Jan 31, 2026, 12:00:00 AM"
WRU-NCB-G-0036-2017-BID,Lot:  1,ለወራቤ ዩኒቨርሲቲ ሰው ሃብት ስራ አስፈጻሚ አገልግሎት የሚውሉ,Werabe University,Goods,National,Federal Government,"Apr 4, 2025, 2:00:00 PM"
ACSO-NCB-NC-0010-2017-BID,Lot:  1,Sewing service (የልብስ ስፌት አገልግሎት)2017,Authority For Civil Society Organization,NonConsultancyServices,National,Federal Government,"Apr 3, 2025, 1:00:00 PM"
DRMC-NCB-NC-0030-2017-BID,Lot:  1,purchase of Hotel service   at meqele,Ethiopian Disaster Risk Management Commi,NonConsultancyServices,National,Federal Government,"Apr 3, 2025, 1:00:00 PM"
FHCE-NCB-G-0034-2017-BID,Lot:  1,ለ3ተኛ ጊዜ የወጣ የእስቴሽነሪ ጨረታ ግዥ 2017 #,Federal High Court,Goods,National,Federal Government,"Apr 3, 2025, 1:00:00 PM"
ERA-NCB-W-0071-2017-BID,Lot:  1,Saja - Fufa - Gilgel Gibe HEP 2 Road Per,Ethiopian Road Administration,Works,National,Federal Government,"Apr 23, 2025, 5:00:00 PM"
UoG-NCB-G-0111-2017-BID,Lot:  1,ለሆስፒታል አገልግሎት የሚውል ልዩ ልዩ ህትመቶች ግዥ,University of Gondar,Goods,National,Federal Government,"Apr 4, 2025, 1:00:00 PM"
,,,,,,,
ECC-NCB-G-0117-2017-BID,Lot:  1,LOT 38 PROCUREMENT OF የአሻራ ማሽን(Attendanc,Ethiopian Customs Commission,Goods,National,Federal Government,"Apr 3, 2025, 1:00:00 PM"
EAS-NCB-G-0009-2017-BID,Lot:  1,Procurement of Car Tyre 1,Ethiopian Accreditation Service,Goods,National,Federal Government,"Apr 3, 2025, 1:00:00 PM"
ECC-NCB-NC-0130-2017-BID,Lot:  1,"Lot 50 PROCUREMENT OF PRINTER ,PHOTOCOPY",Ethiopian Customs Commission,NonConsultancyServices,National,Federal Government,"Apr 3, 2025, 1:00:00 PM"
SPHMMC-NCB-NC-0085-2017-BID,Lot:  1,የፀረ ተባይ ኬሚካል ርጭትና የአይጥ ወጥመድ ማስቀመጥ አገልግሎት,St. Paul's Hospital Millennium Medical,NonConsultancyServices,National,Federal Government,"Apr 3, 2025, 5:00:00 PM"
ASU-NCB-G-0024-2017-BID,Lot:  1,የቤትና የቢሮ ዕቃዎች አቅርቦት ግዥ,Assosa University,Goods,National,Federal Government,"Apr 3, 2025, 7:00:00 PM"
ASU-NCB-G-0028-2017-BID-Re-bid,Lot:  1,Light and heavy vehicles Tiyer Supply pr,Assosa University,Goods,National,Federal Government,"Apr 3, 2025, 7:00:00 PM"
DBU-NCB-G-0066-2017-BID,Lot:  1,የምግብ ማብሰያ ማሽኖች መለዋወጫ ዕቃዎች ግዥ 2017 ዓ.ም. በ,Debre Birhan University,Goods,National,Federal Government,"Apr 3, 2025, 1:00:00 PM"
BHU-NCB-W-0048-2017-BID,Lot:  1,Lot 81:Procurement of Remaining works of,Bule Hora University,Works,National,Federal Government,"Apr 10, 2025, 2:00:00 PM"
BHU-NCB-W-0062-2017-BID,Lot:  1,Lot-Con:6 Remaining work for the constru,Bule Hora University,Works,National,Federal Government,"Apr 10, 2025, 10:00:00 AM"
BHU-NCB-G-0069-2017-BID,Lot:  1,Lot 75 ለሠራተኞች እና ለግቢ ፖሊስ የሚሆን  ደንብ ልብስ ግ,Bule Hora University,Goods,National,Federal Government,"Apr 3, 2025, 10:00:00 AM"
,,,,,,,
ECC-NCB-G-0117-2017-BID,Lot:  1,LOT 38 PROCUREMENT OF የአሻራ ማሽን(Attendanc,Ethiopian Customs Commission,Goods,National,Federal Government,"Apr 3, 2025, 1:00:00 PM"
EAS-NCB-G-0009-2017-BID,Lot:  1,Procurement of Car Tyre 1,Ethiopian Accreditation Service,Goods,National,Federal Government,"Apr 3, 2025, 1:00:00 PM"
ECC-NCB-NC-0130-2017-BID,Lot:  1,"Lot 50 PROCUREMENT OF PRINTER ,PHOTOCOPY",Ethiopian Customs Commission,NonConsultancyServices,National,Federal Government,"Apr 3, 2025, 1:00:00 PM"
SPHMMC-NCB-NC-0085-2017-BID,Lot:  1,የፀረ ተባይ ኬሚካል ርጭትና የአይጥ ወጥመድ ማስቀመጥ አገልግሎት,St. Paul's Hospital Millennium Medical,NonConsultancyServices,National,Federal Government,"Apr 3, 2025, 5:00:00 PM"
ASU-NCB-G-0024-2017-BID,Lot:  1,የቤትና የቢሮ ዕቃዎች አቅርቦት ግዥ,Assosa University,Goods,National,Federal Government,"Apr 3, 2025, 7:00:00 PM"
ASU-NCB-G-0028-2017-BID-Re-bid,Lot:  1,Light and heavy vehicles Tiyer Supply pr,Assosa University,Goods,National,Federal Government,"Apr 3, 2025, 7:00:00 PM"
DBU-NCB-G-0066-2017-BID,Lot:  1,የምግብ ማብሰያ ማሽኖች መለዋወጫ ዕቃዎች ግዥ 2017 ዓ.ም. በ,Debre Birhan University,Goods,National,Federal Government,"Apr 3, 2025, 1:00:00 PM"
BHU-NCB-W-0048-2017-BID,Lot:  1,Lot 81:Procurement of Remaining works of,Bule Hora University,Works,National,Federal Government,"Apr 10, 2025, 2:00:00 PM"
BHU-NCB-W-0062-2017-BID,Lot:  1,Lot-Con:6 Remaining work for the constru,Bule Hora University,Works,National,Federal Government,"Apr 10, 2025, 10:00:00 AM"
BHU-NCB-G-0069-2017-BID,Lot:  1,Lot 75 ለሠራተኞች እና ለግቢ ፖሊስ የሚሆን  ደንብ ልብስ ግ,Bule Hora University,Goods,National,Federal Government,"Apr 3, 2025, 10:00:00 AM"
,,,,,,,
EDS-NCB-NC-0017-2017-BID,Lot:  1,Lot for procurement of Four star(4*) hot,Ethiopian Diaspora Service,NonConsultancyServices,National,Federal Government,"Apr 3, 2025, 5:00:00 PM"
ESA-NCB-G-0034-2017-BID,Lot:  1,procurement of Coach sports equipment an,Ethiopian sport Academy,Goods,National,Federal Government,"Apr 3, 2025, 1:00:00 PM"
SPSH-NCB-G-0097-2017-BID,Lot:  1,procurement medicine for community pharm,St. Peter Specialized Hospital,Goods,National,Federal Government,"Apr 4, 2025, 2:00:00 PM"
AmU-NCB-G-0580-2017-PUR,Lot:  1,Latest Bag First Rank,Arbaminch University,Goods,National,Federal Government,"Apr 18, 2025, 5:00:00 PM"
ECC-NCB-G-0109-2017-BID,Lot:  1,LOT 41PROCUREMENT OF Firewall,Ethiopian Customs Commission,Goods,National,Federal Government,"Apr 2, 2025, 1:00:00 PM"
EPOS-NCB-G-0014-2017-BID,Lot:  1,procurement of tires,Ethiopia Prosthetic and Orthotic Service,Goods,National,Federal Government,"Apr 2, 2025, 1:00:00 PM"
DRMC-NCB-C-0068-2017-BID,Lot:  1,Tender of Consultancy Service for Design,Ethiopian Disaster Risk Management Commi,ConsultancyServices,National,Federal Government,"Apr 14, 2025, 10:00:00 AM"
DBU-NCB-G-0032-2017-BID,Lot:  1,ለቴክኖሎጂ ፈጠራ  እና  ኢንኩቤሽን ስራ ግብኣት የሚውል የኮንስ,Debre Birhan University,Goods,National,Federal Government,"Apr 2, 2025, 10:00:00 AM"
ASU-NCB-G-0026-2017-BID-Re-bid,Lot:  1,የስፖርት ቁሳቁስና አልባሳት ግዥ,Assosa University,Goods,National,Federal Government,"Apr 1, 2025, 9:00:00 AM"
NMIE-NCB-G-0018-2017-BID-Re-bid,Lot:  1,Tender of furnisher2,National Metrology Institute of Ethiopi,Goods,National,Federal Government,"Apr 2, 2025, 1:00:00 PM"
NMIE-NCB-G-0018-2017-BID-Re-bid,Lot:  1,Tender of furnisher2,National Metrology Institute of Ethiopi,Goods,National,Federal Government,"Apr 2, 2025, 1:00:00 PM"
NMIE-NCB-G-0018-2017-BID-Re-bid,Lot:  1,Tender of furnisher2,National Metrology Institute of Ethiopi,Goods,National,Federal Government,"Apr 2, 2025, 1:00:00 PM"
NMIE-NCB-G-0018-2017-BID-Re-bid,Lot:  1,Tender of furnisher2,National Metrology Institute of Ethiopi,Goods,National,Federal Government,"Apr 2, 2025, 1:00:00 PM"
NMIE-NCB-G-0018-2017-BID-Re-bid,Lot:  1,Tender of furnisher2,National Metrology Institute of Ethiopi,Goods,National,Federal Government,"Apr 2, 2025, 1:00:00 PM"
,,,,,,,
ASU-NCB-G-0026-2017-BID-Re-bid,Lot:  1,የስፖርት ቁሳቁስና አልባሳት ግዥ,Assosa University,Goods,National,Federal Government,"Apr 1, 2025, 4:00:00 PM"
ASU-NCB-G-0026-2017-BID-Re-bid,Lot:  1,የስፖርት ቁሳቁስና አልባሳት ግዥ,Assosa University,Goods,National,Federal Government,"Jun 11, 2025, 4:00:00 PM"
ASU-NCB-G-0026-2017-BID-Re-bid,Lot:  1,የስፖርት ቁሳቁስና አልባሳት ግዥ,Assosa University,Goods,National,Federal Government,"Jun 11, 2025, 4:00:00 PM"
ASU-NCB-G-0026-2017-BID-Re-bid,Lot:  1,የስፖርት ቁሳቁስና አልባሳት ግዥ,Assosa University,Goods,National,Federal Government,"Jun 11, 2025, 4:00:00 PM"
MOD-NCB-G-0549-2017-BID,Lot:  1,lot 19 procurements of electronics 6313,Ministry of Defense,Goods,National,Federal Government,"Apr 2, 2025, 12:00:00 PM"
ECC-NCB-NC-0125-2017-BID,Lot:  1,ሎት 106 ፡ የመኪና ኪራይ አገልግሎት ግዥ,Ethiopian Customs Commission,NonConsultancyServices,National,Federal Government,"Apr 2, 2025, 1:00:00 PM"
AU-NCB-G-0040-2017-BID,Lot:  1,በ2017 በጀት ዓመት የሰራተኞች የስራና የደንብ ልብስ ግዥ ጨረ,Ambo University,Goods,National,Federal Government,"Apr 2, 2025, 2:00:00 PM"
ECC-NCB-G-0119-2017-BID,Lot:  1,Lot  20 የንፅህና መጠበቂያ እና የፅዳት ዕቃዎች /,Ethiopian Customs Commission,Goods,National,Federal Government,"Apr 2, 2025, 5:00:00 PM"
MOD-NCB-G-0548-2017-BID,Lot:  1,አላቂ የትምህርት መርጃ ዕቃ ግዥ (ENHQ2),Ministry of Defense,Goods,National,Federal Government,"Apr 2, 2025, 1:00:00 PM"
ACSH-NCB-G-0082-2017-BID,Lot:  1,procurement of medical Equipment ( sucti,Alert Comprhensive Specialized Hospital,Goods,National,Federal Government,"Apr 2, 2025, 1:00:00 PM"
,,,,,,,
ASU-NCB-G-0026-2017-BID-Re-bid,Lot:  1,የስፖርት ቁሳቁስና አልባሳት ግዥ,Assosa University,Goods,National,Federal Government,"Apr 1, 2025, 4:00:00 PM"
ASU-NCB-G-0026-2017-BID-Re-bid,Lot:  1,የስፖርት ቁሳቁስና አልባሳት ግዥ,Assosa University,Goods,National,Federal Government,"Jun 11, 2025, 4:00:00 PM"
ASU-NCB-G-0026-2017-BID-Re-bid,Lot:  1,የስፖርት ቁሳቁስና አልባሳት ግዥ,Assosa University,Goods,National,Federal Government,"Jun 11, 2025, 4:00:00 PM"
ASU-NCB-G-0026-2017-BID-Re-bid,Lot:  1,የስፖርት ቁሳቁስና አልባሳት ግዥ,Assosa University,Goods,National,Federal Government,"Jun 11, 2025, 4:00:00 PM"
MOD-NCB-G-0549-2017-BID,Lot:  1,lot 19 procurements of electronics 6313,Ministry of Defense,Goods,National,Federal Government,"Apr 2, 2025, 12:00:00 PM"
ECC-NCB-NC-0125-2017-BID,Lot:  1,ሎት 106 ፡ የመኪና ኪራይ አገልግሎት ግዥ,Ethiopian Customs Commission,NonConsultancyServices,National,Federal Government,"Apr 2, 2025, 1:00:00 PM"
AU-NCB-G-0040-2017-BID,Lot:  1,በ2017 በጀት ዓመት የሰራተኞች የስራና የደንብ ልብስ ግዥ ጨረ,Ambo University,Goods,National,Federal Government,"Apr 2, 2025, 2:00:00 PM"
ECC-NCB-G-0119-2017-BID,Lot:  1,Lot  20 የንፅህና መጠበቂያ እና የፅዳት ዕቃዎች /,Ethiopian Customs Commission,Goods,National,Federal Government,"Apr 2, 2025, 5:00:00 PM"
MOD-NCB-G-0548-2017-BID,Lot:  1,አላቂ የትምህርት መርጃ ዕቃ ግዥ (ENHQ2),Ministry of Defense,Goods,National,Federal Government,"Apr 2, 2025, 1:00:00 PM"
ACSH-NCB-G-0082-2017-BID,Lot:  1,procurement of medical Equipment ( sucti,Alert Comprhensive Specialized Hospital,Goods,National,Federal Government,"Apr 2, 2025, 1:00:00 PM"
,,,,,,,
EFP-NCB-G-0107-2017-BID,Lot:  1,የተለያዩ የፌደራል ፖሊስ በትረ መኮንን እና የስነ-ስርዓት ቁጥጥ,Ethiopian Federal Police,Goods,National,Federal Government,"Apr 1, 2025, 7:00:00 PM"
EFDA-NCB-NC-0004-2017-BID-Re-bid,Lot:  1,GENERATOR SERVICE AND MAINTENANCE,Ethiopian Food and Drug Authority,NonConsultancyServices,National,Federal Government,"Apr 1, 2025, 1:00:00 PM"
EDS-NCB-G-0016-2017-BID,Lot:  1,Lot for procurement of car decoration ma,Ethiopian Diaspora Service,Goods,National,Federal Government,"Apr 1, 2025, 5:00:00 PM"
KUE-NCB-G-0011-2017-BID,Lot:  1,Lot 05: /Procurement of Tonner,Kotebe University of Education,Goods,National,Federal Government,"Apr 1, 2025, 2:00:00 PM"
KUE-NCB-G-0034-2017-BID,Lot:  1,procurement of stationeries for Art pur,Kotebe University of Education,Goods,National,Federal Government,"Apr 1, 2025, 2:00:00 PM"
KUE-NCB-NC-0035-2017-BID,Lot:  1,Procurement of Three Star And Above Hote,Kotebe University of Education,NonConsultancyServices,National,Federal Government,"Apr 1, 2025, 2:00:00 PM"
KUE-NCB-G-0037-2017-BID,Lot:  1,Procurement of cctv camera and Laptop,Kotebe University of Education,Goods,National,Federal Government,"Apr 1, 2025, 10:00:00 AM"
DKU-NCB-G-0089-2017-BID,Lot:  1,procurement of Agricultural laboratory c,Debark University,Goods,National,Federal Government,"Apr 1, 2025, 1:00:00 PM"
AmU-NCB-G-0049-2017-BID,Lot:  1,LOT - 20 - Procurement of 2017 Budget Ye,Arbaminch University,Goods,National,Federal Government,"Apr 1, 2025, 12:00:00 PM"
AmU-NCB-G-0047-2017-BID,Lot:  1,LOT - 14 - Procurement of 2017 Budget Ye,Arbaminch University,Goods,National,Federal Government,"Apr 1, 2025, 1:00:00 PM"
,,,,,,,
AmU-NCB-G-0045-2017-BID,Lot:  1,LOT - 16 - Procurement of of 2017 Budget,Arbaminch University,Goods,National,Federal Government,"Apr 1, 2025, 1:00:00 PM"
AmU-NCB-G-0052-2017-BID,Lot:  1,Purchase Requisition of 2017 Budget Year,Arbaminch University,Goods,National,Federal Government,"Apr 1, 2025, 12:00:00 PM"
AmU-NCB-G-0051-2017-BID,Lot:  1,LOT - 19 - Procurement  of 2017 Budget Y,Arbaminch University,Goods,National,Federal Government,"Apr 1, 2025, 12:00:00 PM"
AmU-NCB-G-0050-2017-BID,Lot:  1,Purchase Requisition of 2017 Budget Year,Arbaminch University,Goods,National,Federal Government,"Apr 1, 2025, 12:00:00 PM"
ASU-NCB-G-0026-2017-BID-Re-bid,Lot:  1,የስፖርት ቁሳቁስና አልባሳት ግዥ,Assosa University,Goods,National,Federal Government,"Jun 11, 2025, 7:00:00 PM"
ASU-NCB-G-0026-2017-BID-Re-bid,Lot:  1,የስፖርት ቁሳቁስና አልባሳት ግዥ,Assosa University,Goods,National,Federal Government,"Jun 11, 2025, 7:00:00 PM"
ASTU-NCB-G-0083-2017-BID,Lot:  1,Lot 128 :- የሚኒ ባስ እና ፒካፕ መኪናዎች ጎማ ግዥ 2,Adama Science and Technology University,Goods,National,Federal Government,"Apr 1, 2025, 12:00:00 PM"
ASU-NCB-NC-0015-2017-BID-Re-bid-Re-bid,Lot:  1,Car bus  rent service procurement,Assosa University,NonConsultancyServices,National,Federal Government,"Apr 1, 2025, 1:00:00 PM"
ERA-NCB-W-0118-2017-BID,Lot:  1,Construction Works of Ebinat Bridge Reco,Ethiopian Roads Administration,Works,National,Federal Government,"Apr 15, 2025, 6:00:00 PM"
EKGH-NCB-G-0194-2017-PUR,Lot:  1,EKGH procurement of  Inverter(VFD) Compa,Eka Kotebe General Hospital,Goods,National,Federal Government,"Mar 12, 2031, 12:00:00 AM"
ERA-NCB-W-0026-2016-BID-Re-bid,Lot:  1,Construction Works of Azezo - Gorgora He,Ethiopian Road Administration,Works,National,Federal Government,"Apr 15, 2025, 6:00:00 PM"
,,,,,,,
AMSH-NCB-G-0073-2017-BID,Lot:  1,Procurement of Medical Equipment 10,Amanuel Mental Specialized Hospital,Goods,National,Federal Government,"Apr 4, 2025, 10:00:00 AM"
MOCS-NCB-G-0560-2017-PUR,Lot:  1,Procurement of 1/2 litter water /tes/201,Ministry of Culture & Sport,Goods,National,Federal Government,"Mar 27, 2026, 11:00:00 AM"
MU-NCB-W-0065-2017-BID,Lot:  1,Renovation project student dormitory at,Mekelle University,Works,National,Federal Government,"Apr 3, 2025, 12:00:00 PM"
ESA-NCB-W-0016-2017-BID-Re-bid,Lot:  1,Procurement Of Assela Athlete Tirunesh D,Ethiopian sport Academy,Works,National,Federal Government,"Apr 3, 2025, 1:00:00 PM"
PPS-NCB-W-0035-2017-BID,Lot:  1,CONSTRUCTION OF HOUSE,Federal Public Procurement Service,Works,National,Federal Government,"Apr 2, 2025, 7:00:00 PM"
AmU-NCB-G-0054-2017-BID,Lot:  1,LOT - 23 - Procurement  of 2017 Budget Y,Arbaminch University,Goods,National,Federal Government,"Apr 1, 2025, 1:00:00 PM"
ERA-NCB-W-0061-2017-BID,Lot:  1,Construction Works of Adiha Bridge Recon,Ethiopian Road Administration,Works,National,Federal Government,"Apr 10, 2025, 5:00:00 PM"
ERA-NCB-W-0098-2017-BID,Lot:  1,Shebel - Gambela Periodic Road Maintenan,Ethiopian Roads Administration,Works,National,Federal Government,"Apr 9, 2025, 3:00:00 PM"
ERA-NCB-W-0076-2017-BID,Lot:  1,Adigudem - Mekele - Wukro Heavy Road Mai,Ethiopian Roads Administration,Works,National,Federal Government,"Apr 10, 2025, 5:00:00 PM"
ERA-NCB-W-0062-2017-BID,Lot:  1,Construction Works of Ayba Bridge Recons,Ethiopian Road Administration,Works,National,Federal Government,"Apr 10, 2025, 5:00:00 PM"
,,,,,,,
ALEA-NCB-W-0031-2017-BID,Lot:  1,Procurement of Landscape maintenance wor,African Leadership Excellence Academy,Works,National,Federal Government,"Apr 1, 2025, 7:00:00 PM"
EHA-NCB-W-0037-2017-BID,Lot:  1,Procurement  of Conservation and Adaptiv,Ethiopian Heritage Authority,Works,National,Federal Government,"Apr 1, 2025, 2:00:00 PM"
ERA-NCB-W-0031-2016-BID-Re-bid,Lot:  1,Construction Works of Abiadi - Hawzen -,Ethiopian Road Administration,Works,National,Federal Government,"Apr 9, 2025, 5:00:00 PM"
FSCoE-ICB-G-0065-2017-BID,Lot:  1,"Supply, Installation, Testing and commis",Federal Supreme Court,Goods,International,Federal Government,"Apr 14, 2025, 2:00:00 PM"
MAU-NCB-G-0055-2017-BID,Lot:  1,የእንስሳት መድሀኒት ግዥ,Mekidelamba University,Goods,National,Federal Government,"Apr 9, 2025, 10:00:00 AM"
WU-NCB-G-0064-2017-BID,Lot:  1,የኤሌክትሮኒክስ  እቃዎች ግዥ ደሴ ግቢ 2017,Wollo University,Goods,National,Federal Government,"Apr 9, 2025, 10:00:00 AM"
ERA-NCB-W-0029-2016-BID-Re-bid-Re-bid-Re-bid,Lot:  1,Construction Works of Wukro - Adigrat He,Ethiopian Road Administration,Works,National,Federal Government,"Apr 8, 2025, 5:00:00 PM"
GRDCPO-NCB-NC-0056-2017-PUR,Lot:  1,Procurements of landscaping and beautifi,Grand Renaissance Dam Coordination Proje,NonConsultancyServices,National,Federal Government,"Jan 9, 5386, 12:00:00 AM"
ERA-NCB-W-0112-2017-BID,Lot:  1,Bonga - Felegeselam Periodic Road Mainte,Ethiopian Roads Administration,Works,National,Federal Government,"Apr 7, 2025, 7:00:00 PM"
SPHMMC-NCB-G-0074-2017-BID,Lot:  1,UPS Lot,St. Paul's Hospital Millennium Medical,Goods,National,Federal Government,"Apr 1, 2025, 2:00:00 PM"
,,,,,,,
ERA-ICB-G-0038-2017-BID,Lot:  1,Lot 3:Procurment of Different Types of A,Ethiopian Road Administration,Goods,International,Federal Government,"Apr 11, 2025, 10:00:00 AM"
MoR-NCB-W-0120-2017-BID,Lot:  1,"RENOVATION OF MAIN BUILDING, WOMEN & CHI",Ministry of Revenue,Works,National,Federal Government,"Apr 14, 2025, 3:00:00 PM"
AII-ICB-G-0040-2017-BID,Lot:  1,Procurement of High performance computin,Artificial Intelligence Institute,Goods,International,Federal Government,"Apr 7, 2025, 5:00:00 PM"
MOD-NCB-G-0430-2017-BID-Re-bid,Lot:  1,የጋረጅ ቱታና ጋዋን ግዥ,Ministry of Defense,Goods,National,Federal Government,"Feb 19, 2026, 10:00:00 AM"
MoH-NCB-G-0338-2017-PUR,Lot:  1,Purchase for Notice Boards and pin board,Ministry of Health,Goods,National,Federal Government,"Feb 28, 2028, 2:00:00 PM"
MInT-NCB-G-0194-2017-PUR,Lot:  1,የፋይል ሼልፍ እና ቶነር ግዥ,Ministry of Innovation and Technology,Goods,National,Federal Government,"Feb 28, 2028, 8:30:00 AM"
EFP-NCB-G-0412-2017-PUR,Lot:  1,የሰነድ ማያዥያ(CAT) ቦርሳ ቁ.2,Ethiopian Federal Police,Goods,National,Federal Government,"Dec 26, 2030, 12:00:00 AM"
DDU-NCB-C-0361-2017-PUR,Lot:  1,Lot 130 procurement of የታሪክ ቦታዎችን በማንሳት,Dire Dawa University,ConsultancyServices,National,Federal Government,"Sep 11, 2056, 4:00:00 PM"
PPS-NCB-NC-0078-2017-PUR,Lot:  1,"hotel service in Addis Ababa ,lunch and",Federal Public Procurement Service,NonConsultancyServices,National,Federal Government,"Dec 11, 2025, 1:00:00 PM"
FJLI-NCB-NC-0015-2017-PUR,Lot:  1,lot 45 purchase of swing service,The Federal Justice and Law Institute,NonConsultancyServices,National,Federal Government,"Mar 25, 2031, 12:00:00 AM"
,,,,,,,
GRDCPO-NCB-G-0033-2017-PUR,Lot:  1,Procurements of Android car navigation s,Grand Renaissance Dam Coordination Proje,Goods,National,Federal Government,"Aug 29, 2025, 11:00:00 PM"
DBU-NCB-G-0076-2017-PUR,Lot:  1,የበር ቁልፍ ካሊ /ተመሳሳይ/ 01 ግዥ,Debre Birhan University,Goods,National,Federal Government,"Feb 6, 2026, 11:56:00 AM"
EIAR-NCB-G-0028-2017-PUR,Lot:  1,procurement of tyre with inner tube 7.50,Ethiopian Institute of Agricultural Rese,Goods,National,Federal Government,"Dec 4, 2030, 12:00:00 AM"
MoI-NCB-G-0229-2017-PUR,Lot:  1,Purchase Requisition for out door guest,Ministry of Industry,Goods,National,Federal Government,"Feb 5, 2026, 9:00:00 AM"
NISS-NCB-G-0607-2017-PUR,Lot:  1,Lot 004 Procurement Spare Part Material,National Intelligence and Security Servi,Goods,National,Federal Government,"Jan 1, 2031, 10:00:00 AM"
AHRI-NCB-NC-0024-2017-BID,Lot:  1,Procurment of  Resort service at Bishoft,Armauer Hansen Research Institute,NonConsultancyServices,National,Federal Government,"Jan 26, 2026, 10:00:00 AM"
EPHI-NCB-G-0286-2017-PUR,Lot:  1,Desktop computer Windows 10 Pro 64-bit o,Ethiopian Public Health Institute,Goods,National,Federal Government,"Jan 31, 2031, 8:49:00 AM"
EAA-NCB-G-0050-2017-PUR,Lot:  1,"Procurement Of Car Chair Close ,Hot Prot",Ethiopian Agricultural Authority,Goods,National,Federal Government,"Dec 3, 2025, 11:00:00 AM"
EPSA-NCB-NC-0047-2016-BID,Lot:  1,Car maintenance service (ኤሮ ትራክ  የሞተር ሙሉ,Ethiopia Pharmaceutical Supplies Service,NonConsultancyServices,National,Federal Government,"Jul 17, 2025, 2:00:00 PM"
EFP-NCB-G-0318-2017-PUR,Lot:  1,ቱቦላሬ ብረት ግዥ 02,Ethiopian Federal Police,Goods,National,Federal Government,"Jan 26, 2027, 5:00:00 PM"
,,,,,,,
GRDCPO-NCB-G-0033-2017-PUR,Lot:  1,Procurements of Android car navigation s,Grand Renaissance Dam Coordination Proje,Goods,National,Federal Government,"Aug 29, 2025, 11:00:00 PM"
DBU-NCB-G-0076-2017-PUR,Lot:  1,የበር ቁልፍ ካሊ /ተመሳሳይ/ 01 ግዥ,Debre Birhan University,Goods,National,Federal Government,"Feb 6, 2026, 11:56:00 AM"
EIAR-NCB-G-0028-2017-PUR,Lot:  1,procurement of tyre with inner tube 7.50,Ethiopian Institute of Agricultural Rese,Goods,National,Federal Government,"Dec 4, 2030, 12:00:00 AM"
MoI-NCB-G-0229-2017-PUR,Lot:  1,Purchase Requisition for out door guest,Ministry of Industry,Goods,National,Federal Government,"Feb 5, 2026, 9:00:00 AM"
NISS-NCB-G-0607-2017-PUR,Lot:  1,Lot 004 Procurement Spare Part Material,National Intelligence and Security Servi,Goods,National,Federal Government,"Jan 1, 2031, 10:00:00 AM"
AHRI-NCB-NC-0024-2017-BID,Lot:  1,Procurment of  Resort service at Bishoft,Armauer Hansen Research Institute,NonConsultancyServices,National,Federal Government,"Jan 26, 2026, 10:00:00 AM"
EPHI-NCB-G-0286-2017-PUR,Lot:  1,Desktop computer Windows 10 Pro 64-bit o,Ethiopian Public Health Institute,Goods,National,Federal Government,"Jan 31, 2031, 8:49:00 AM"
EAA-NCB-G-0050-2017-PUR,Lot:  1,"Procurement Of Car Chair Close ,Hot Prot",Ethiopian Agricultural Authority,Goods,National,Federal Government,"Dec 3, 2025, 11:00:00 AM"
EPSA-NCB-NC-0047-2016-BID,Lot:  1,Car maintenance service (ኤሮ ትራክ  የሞተር ሙሉ,Ethiopia Pharmaceutical Supplies Service,NonConsultancyServices,National,Federal Government,"Jul 17, 2025, 2:00:00 PM"
EFP-NCB-G-0318-2017-PUR,Lot:  1,ቱቦላሬ ብረት ግዥ 02,Ethiopian Federal Police,Goods,National,Federal Government,"Jan 26, 2027, 5:00:00 PM"
,,,,,,,
NISS-NCB-G-0593-2017-PUR,Lot:  1,Lot 01 Procurement of Plumbing material,National Intelligence and Security Servi,Goods,National,Federal Government,"Jan 28, 2027, 12:00:00 AM"
FFIC-NCB-G-0056-2017-PUR,Lot:  1,የመኪና ጐማ እና ቸርኬ ግዥ-2017,Federal First Instance Court,Goods,National,Federal Government,"Jan 23, 2031, 12:00:00 PM"
FHCE-NCB-G-0040-2017-PUR,Lot:  1,የአቃቂ ቃሊቲ ም/ችሎት የነዳጅ በርሚል ሁለት መቶ ሊትር የሚይዝ,Federal High Court,Goods,National,Federal Government,"Jun 23, 2025, 11:00:00 AM"
ECC-NCB-G-0306-2017-PUR,Lot:  1,የፊርማ አሻራ ቲተር ግዥ****,Ethiopian Customs Commission,Goods,National,Federal Government,"Feb 15, 2047, 10:50:00 AM"
MineIDI-NCB-G-0040-2017-PUR,Lot:  1,battery 75a,Mining Industry Development Institute,Goods,National,Federal Government,"Dec 9, 2025, 8:00:00 AM"
SPHMMC-NCB-G-0263-2017-PUR,Lot:  1,silk different type,St. Paul's Hospital Millennium Medical,Goods,National,Federal Government,"Dec 29, 2029, 5:30:00 PM"
TTI-NCB-NC-0068-2016-PUR,Lot:  1,procurement of Tiber Glass 1 square mete,Tourism Training Institute,NonConsultancyServices,National,Federal Government,"Aug 21, 2025, 5:30:00 PM"
ECTA-NCB-G-0024-2017-PUR,Lot:  1,ECTA18 /2017 Procurment of car batrry,Ethiopian Coffee and Tea Authority,Goods,National,Federal Government,"Jan 1, 2029, 8:30:00 AM"
WKU-NCB-NC-0039-2017-PUR,Lot:  1,LOT 069 Purchase Requisition of compress,Wolkite University,NonConsultancyServices,National,Federal Government,"Oct 11, 2025, 3:17:00 PM"
SPHMMC-NCB-G-0043-2017-PUR,Lot:  1,NICENE SPARE PART CHANCE NO JNCFAN16201,St. Paul's Hospital Millennium Medical,Goods,National,Federal Government,"Jun 26, 2026, 9:00:00 AM"
,,,,,,,
NISS -NCB-G-0062-2016-PUR,Lot:  1,018 የተሸከርካሪ መለዋወጫ,National Intelligence and Security Servi,Goods,National,Federal Government,"Dec 19, 5501, 3:00:00 PM"
SPHMMC-NCB-G-0180-2015-PUR,Lot:  1,SPARE PARTS OF N- PUK UP 4-15359,St. Paul's Hospital Millennium Medical,Goods,National,Federal Government,"Feb 19, 5501, 12:00:00 AM"
MoH-NCB-G-0033-2015-PUR,Lot:  1,:Procurement spare Part (Toyota),Ministry of Health,Goods,National,Federal Government,"Mar 13, 5501, 10:00:00 AM"
EPHI-NCB-G-0075-2015-PUR,Lot:  1,EPHI EARLY WARNING PURCHASE REQUISION,Ethiopian Public Health Institute,Goods,National,Federal Government,"Mar 11, 5501, 12:00:00 AM"
FEACC-NCB-W-0026-2015-PUR,Lot:  1,Purchase Requisition of Construction Wor,The Federal Ethics and Anti-Corruption C,Works,National,Federal Government,"Feb 5, 5501, 12:00:00 AM"
